abgerufen_am,kundenzentrum,wartezeit_minuten,stand_iso,status,quelle,wayback_url,beleg_sha256
2026-10-07T07:43:07+02:00,Kundenzentrum Innenstadt,0,2026-10-07T07:40:02+02:00,1,anzeige,,9a1abd67b6f8828e774a25ceefc2b44826befb6843b01e9f03dd6f4091136f5f
2026-10-07T07:43:07+02:00,Kundenzentrum Chorweiler,6,2026-10-07T07:40:02+02:00,1,anzeige,,9a1abd67b6f8828e774a25ceefc2b44826befb6843b01e9f03dd6f4091136f5f
2026-10-07T07:43:07+02:00,Kundenzentrum Rodenkirchen,6,2026-10-07T07:40:02+02:00,1,anzeige,,9a1abd67b6f8828e774a25ceefc2b44826befb6843b01e9f03dd6f4091136f5f
2026-10-07T07:43:07+02:00,Kundenzentrum Porz,8,2026-10-07T07:40:02+02:00,1,anzeige,,9a1abd67b6f8828e774a25ceefc2b44826befb6843b01e9f03dd6f4091136f5f
2026-10-07T07:43:07+02:00,Kundenzentrum Mülheim,11,2026-10-07T07:40:02+02:00,1,anzeige,,9a1abd67b6f8828e774a25ceefc2b44826befb6843b01e9f03dd6f4091136f5f
2026-10-07T07:43:07+02:00,Kundenzentrum Kalk,16,2026-10-07T07:40:02+02:00,1,anzeige,,9a1abd67b6f8828e774a25ceefc2b44826befb6843b01e9f03dd6f4091136f5f
2026-10-07T07:43:07+02:00,Kundenzentrum Nippes,19,2026-10-07T07:40:02+02:00,1,anzeige,,9a1abd67b6f8828e774a25ceefc2b44826befb6843b01e9f03dd6f4091136f5f
2026-10-07T07:43:07+02:00,Kundenzentrum Ehrenfeld,38,2026-10-07T07:40:02+02:00,1,anzeige,,9a1abd67b6f8828e774a25ceefc2b44826befb6843b01e9f03dd6f4091136f5f
2026-10-07T07:43:07+02:00,Kundenzentrum Lindenthal,39,2026-10-07T07:40:02+02:00,1,anzeige,,9a1abd67b6f8828e774a25ceefc2b44826befb6843b01e9f03dd6f4091136f5f
