abgerufen_am,kundenzentrum,wartezeit_minuten,stand_iso,status,quelle,wayback_url,beleg_sha256
2026-10-05T08:12:00+02:00,Kundenzentrum Ehrenfeld,13,2026-10-05T08:10:03+02:00,1,anzeige,,
2026-10-05T08:12:00+02:00,Kundenzentrum Chorweiler,23,2026-10-05T08:10:03+02:00,1,anzeige,,
2026-10-05T08:12:00+02:00,Kundenzentrum Kalk,30,2026-10-05T08:10:03+02:00,1,anzeige,,
2026-10-05T08:12:00+02:00,Kundenzentrum Mülheim,45,2026-10-05T08:10:03+02:00,1,anzeige,,
2026-10-05T08:12:00+02:00,Kundenzentrum Innenstadt,48,2026-10-05T08:10:03+02:00,1,anzeige,,
2026-10-05T08:12:00+02:00,Kundenzentrum Lindenthal,58,2026-10-05T08:10:03+02:00,1,anzeige,,
2026-10-05T08:12:00+02:00,Kundenzentrum Nippes,62,2026-10-05T08:10:03+02:00,1,anzeige,,
2026-10-05T08:12:00+02:00,Kundenzentrum Porz,68,2026-10-05T08:10:03+02:00,1,anzeige,,
2026-10-05T08:12:00+02:00,Kundenzentrum Rodenkirchen,94,2026-10-05T08:10:03+02:00,1,anzeige,,
2026-10-05T14:00:09+02:00,Kundenzentrum Kalk,0,2026-10-05T14:00:03+02:00,1,anzeige,,43fc412b669251d9da9ddb5565cc5d767cc674153b2dc6340a815b0e098bf891
2026-10-05T14:00:09+02:00,Kundenzentrum Lindenthal,0,2026-10-05T14:00:03+02:00,1,anzeige,,43fc412b669251d9da9ddb5565cc5d767cc674153b2dc6340a815b0e098bf891
2026-10-05T14:00:09+02:00,Kundenzentrum Chorweiler,3,2026-10-05T14:00:03+02:00,1,anzeige,,43fc412b669251d9da9ddb5565cc5d767cc674153b2dc6340a815b0e098bf891
2026-10-05T14:00:09+02:00,Kundenzentrum Mülheim,3,2026-10-05T14:00:03+02:00,1,anzeige,,43fc412b669251d9da9ddb5565cc5d767cc674153b2dc6340a815b0e098bf891
2026-10-05T14:00:09+02:00,Kundenzentrum Ehrenfeld,4,2026-10-05T14:00:03+02:00,1,anzeige,,43fc412b669251d9da9ddb5565cc5d767cc674153b2dc6340a815b0e098bf891
2026-10-05T14:00:09+02:00,Kundenzentrum Nippes,33,2026-10-05T14:00:03+02:00,1,anzeige,,43fc412b669251d9da9ddb5565cc5d767cc674153b2dc6340a815b0e098bf891
2026-10-05T14:00:09+02:00,Kundenzentrum Porz,35,2026-10-05T14:00:03+02:00,1,anzeige,,43fc412b669251d9da9ddb5565cc5d767cc674153b2dc6340a815b0e098bf891
2026-10-05T14:00:09+02:00,Kundenzentrum Rodenkirchen,37,2026-10-05T14:00:03+02:00,1,anzeige,,43fc412b669251d9da9ddb5565cc5d767cc674153b2dc6340a815b0e098bf891
2026-10-05T14:00:09+02:00,Kundenzentrum Innenstadt,68,2026-10-05T14:00:03+02:00,1,anzeige,,43fc412b669251d9da9ddb5565cc5d767cc674153b2dc6340a815b0e098bf891
