id,quelle,archiv,status,zitat_live,fehlt,geprueft_am
bonn-2025-001,https://www.bonn.de/pressemitteilungen/maerz/stadtrat-beschliesst-haushalt-2025-26-ausgewogenes-paket.php,https://web.archive.org/web/20250420215117/https://www.bonn.de/pressemitteilungen/maerz/stadtrat-beschliesst-haushalt-2025-26-ausgewogenes-paket.php,zitat_fehlt,302,der stadtrat hat den haushalt 2025 2026 beschlossen für 2025 weist der haushaltsplan ein defizit von 97 0 millionen euro aus,2026-10-04
bonn-2025-002,https://www.bonn.de/pressemitteilungen/maerz/stadtrat-beschliesst-haushalt-2025-26-ausgewogenes-paket.php,https://web.archive.org/web/20250420215117/https://www.bonn.de/pressemitteilungen/maerz/stadtrat-beschliesst-haushalt-2025-26-ausgewogenes-paket.php,zitat_fehlt,302,für das haushaltsjahr 2026 sieht der beschlossene haushalt ein defizit von 123 0 millionen euro vor,2026-10-04
bonn-2025-003,https://www.bonn.de/pressemitteilungen/juni-2024/doppelhaushalt-2025-2026-entwurf-ohne-steuererhoehungen.php,https://web.archive.org/web/20250327230932/https://www.bonn.de/pressemitteilungen/juni-2024/doppelhaushalt-2025-2026-entwurf-ohne-steuererhoehungen.php,zitat_fehlt,302,der erste entwurf des doppelhaushalts weist für 2027 ein defizit von 180 millionen euro aus vor beginn der politischen konsolidierungsberatungen,2026-10-04
bonn-2025-004,https://www.bonn.de/pressemitteilungen/dezember-2024/konsolidierungspaket-hh.php,https://web.archive.org/web/20250423171259/https://bonn.de/pressemitteilungen/dezember-2024/konsolidierungspaket-hh.php,zitat_fehlt,302,nach dem konsolidierungspaket soll das defizit 2027 noch 119 9 millionen euro betragen,2026-10-04
bonn-2025-005,https://www.bonn.de/pressemitteilungen/maerz/stadtrat-beschliesst-haushalt-2025-26-ausgewogenes-paket.php,https://web.archive.org/web/20250420215117/https://www.bonn.de/pressemitteilungen/maerz/stadtrat-beschliesst-haushalt-2025-26-ausgewogenes-paket.php,zitat_fehlt,302,der beschlossene haushalt 2025 2026 weist für 2027 ein defizit von 128 0 millionen euro aus,2026-10-04
bonn-2025-006,https://www.bonn.de/pressemitteilungen/maerz/stadtrat-beschliesst-haushalt-2025-26-ausgewogenes-paket.php,https://web.archive.org/web/20250420215117/https://www.bonn.de/pressemitteilungen/maerz/stadtrat-beschliesst-haushalt-2025-26-ausgewogenes-paket.php,zitat_fehlt,302,für 2028 beziffert der beschlossene haushalt das defizit auf 111 0 millionen euro,2026-10-04
bonn-2025-007,https://www.bonn.de/pressemitteilungen/juni-2024/doppelhaushalt-2025-2026-entwurf-ohne-steuererhoehungen.php,https://web.archive.org/web/20250327230932/https://www.bonn.de/pressemitteilungen/juni-2024/doppelhaushalt-2025-2026-entwurf-ohne-steuererhoehungen.php,zitat_fehlt,302,der erste haushaltsentwurf sieht für 2029 ein defizit von 179 millionen euro vor,2026-10-04
bonn-2025-008,https://www.bonn.de/pressemitteilungen/dezember-2024/konsolidierungspaket-hh.php,https://web.archive.org/web/20250423171259/https://bonn.de/pressemitteilungen/dezember-2024/konsolidierungspaket-hh.php,zitat_fehlt,302,im konsolidierungspaket wird das defizit 2029 auf 105 4 millionen euro geschätzt,2026-10-04
bonn-2025-009,https://www.bonn.de/pressemitteilungen/maerz/stadtrat-beschliesst-haushalt-2025-26-ausgewogenes-paket.php,https://web.archive.org/web/20250420215117/https://www.bonn.de/pressemitteilungen/maerz/stadtrat-beschliesst-haushalt-2025-26-ausgewogenes-paket.php,zitat_fehlt,302,der beschlossene haushalt weist für 2029 ein defizit von 110 0 millionen euro aus,2026-10-04
bonn-2025-010,https://www.bonn.de/pressemitteilungen/dezember-2024/konsolidierungspaket-hh.php,https://web.archive.org/web/20250423171259/https://bonn.de/pressemitteilungen/dezember-2024/konsolidierungspaket-hh.php,zitat_fehlt,302,das konsolidierungspaket soll von 2025 bis 2029 rund 460 millionen euro einsparen,2026-10-04
bonn-2025-011,https://www.bonn.de/pressemitteilungen/maerz/stadtrat-beschliesst-haushalt-2025-26-ausgewogenes-paket.php,https://web.archive.org/web/20250420215117/https://www.bonn.de/pressemitteilungen/maerz/stadtrat-beschliesst-haushalt-2025-26-ausgewogenes-paket.php,zitat_fehlt,302,der stadtrat beschließt ein konsolidierungsvolumen von rund 445 millionen euro für die jahre 2025 bis 2029,2026-10-04
bonn-2025-012,https://www.bonn.de/pressemitteilungen/dezember-2024/konsolidierungspaket-hh.php,https://web.archive.org/web/20250423171259/https://bonn.de/pressemitteilungen/dezember-2024/konsolidierungspaket-hh.php,zitat_fehlt,302,im konzern stadt bonn sollen bis 2029 rund 300 stellen wegfallen,2026-10-04
bonn-2025-013,https://www.bonn.de/pressemitteilungen/dezember-2024/konsolidierungspaket-hh.php,https://web.archive.org/web/20250423171259/https://bonn.de/pressemitteilungen/dezember-2024/konsolidierungspaket-hh.php,zitat_fehlt,302,der stellenabbau soll dem konzern stadt bonn eine einsparung von rund 67 millionen euro bringen,2026-10-04
bonn-2025-014,https://www.bonn.de/pressemitteilungen/maerz-2024/kindertagesstaettenbedarfsplan-2023-bis-2027-beschlossen.php,https://web.archive.org/web/20250322053052/https://www.bonn.de/pressemitteilungen/maerz-2024/kindertagesstaettenbedarfsplan-2023-bis-2027-beschlossen.php,zitat_fehlt,302,der beschlossene kita bedarfsplan sieht bis zum kita jahr 2027 eine u3 versorgungsquote von 58 prozent vor,2026-10-04
bonn-2025-015,https://www.bonn.de/pressemitteilungen/maerz-2024/kindertagesstaettenbedarfsplan-2023-bis-2027-beschlossen.php,https://web.archive.org/web/20250322053052/https://www.bonn.de/pressemitteilungen/maerz-2024/kindertagesstaettenbedarfsplan-2023-bis-2027-beschlossen.php,zitat_fehlt,302,der kita bedarfsplan sieht rund 890 zusätzliche u3 plätze bis zum kita jahr 2027 vor,2026-10-04
bonn-2025-016,https://www.bonn.de/pressemitteilungen/maerz-2024/kindertagesstaettenbedarfsplan-2023-bis-2027-beschlossen.php,https://web.archive.org/web/20250322053052/https://www.bonn.de/pressemitteilungen/maerz-2024/kindertagesstaettenbedarfsplan-2023-bis-2027-beschlossen.php,zitat_fehlt,302,für die ü3 versorgung strebt der bedarfsplan bis 2027 eine quote von 104 prozent an,2026-10-04
bonn-2025-017,https://www.bonn.de/pressemitteilungen/maerz-2024/kindertagesstaettenbedarfsplan-2023-bis-2027-beschlossen.php,https://web.archive.org/web/20250322053052/https://www.bonn.de/pressemitteilungen/maerz-2024/kindertagesstaettenbedarfsplan-2023-bis-2027-beschlossen.php,zitat_fehlt,302,insgesamt sieht der bedarfsplan über 1 000 zusätzliche betreuungsplätze in kitas und tagespflege bis 2027 vor,2026-10-04
bonn-2025-018,https://www.bonn.de/pressemitteilungen/juni-2024/solarausbau-auf-staedtischen-gebaeuden-wird-beschleunigt.php,https://web.archive.org/web/20241212075633/https://www.bonn.de/pressemitteilungen/juni-2024/solarausbau-auf-staedtischen-gebaeuden-wird-beschleunigt.php,zitat_fehlt,302,alle rund 300 geprüften und geeigneten dächer städtischer gebäude sollen bis 2028 mit photovoltaik ausgestattet sein,2026-10-04
bonn-2025-019,https://www.bonn.de/pressemitteilungen/juni-2024/solarausbau-auf-staedtischen-gebaeuden-wird-beschleunigt.php,https://web.archive.org/web/20241212075633/https://www.bonn.de/pressemitteilungen/juni-2024/solarausbau-auf-staedtischen-gebaeuden-wird-beschleunigt.php,zitat_fehlt,302,im jahr 2024 soll eine neue pv leistung von 2 000 bis 2 500 kwp auf städtischen gebäuden installiert werden,2026-10-04
bonn-2025-020,https://www.bonn.de/pressemitteilungen/maerz-2024/weiteres-vorgehen-stadthaus-bonn.php,https://web.archive.org/web/20250328002130/https://www.bonn.de/pressemitteilungen/maerz-2024/weiteres-vorgehen-stadthaus-bonn.php,zitat_fehlt,302,die verwaltung zieht 2027 aus dem stadthaus aus rund 1 500 beschäftigte sind betroffen,2026-10-04
bonn-2025-021,https://www.bonn.de/pressemitteilungen/april-2024/vorarbeiten-fuer-sanierung-des-hardtbergbads-starten-im-juni.php,https://web.archive.org/web/20250316153243/https://www.bonn.de/pressemitteilungen/april-2024/vorarbeiten-fuer-sanierung-des-hardtbergbads-starten-im-juni.php,zitat_fehlt,302,das hardtbergbad soll 2027 nach sanierung und neubau wiedereröffnet werden,2026-10-04
bonn-2025-022,https://www.bonn.de/pressemitteilungen/april-2024/vorarbeiten-fuer-sanierung-des-hardtbergbads-starten-im-juni.php,https://web.archive.org/web/20250316153243/https://www.bonn.de/pressemitteilungen/april-2024/vorarbeiten-fuer-sanierung-des-hardtbergbads-starten-im-juni.php,zitat_fehlt,302,die gesamtkosten der sanierung des hardtbergbads liegen bei rund 51 5 millionen euro davon 6 millionen euro bundesförderung,2026-10-04
bonn-2025-023,https://www.bonn.de/pressemitteilungen/maerz-2024/auf-dem-weg-zum-klimaneutralen-konzern-stadt-bonn-2035.php,https://web.archive.org/web/20250121124703/https://bonn.de/pressemitteilungen/maerz-2024/auf-dem-weg-zum-klimaneutralen-konzern-stadt-bonn-2035.php,zitat_fehlt,302,die vebowag schließt die serielle sanierung ihres wohnungsbestands bis ende 2028 ab,2026-10-04
bonn-2025-024,https://www.bonn.de/pressemitteilungen/april-2024/zehn-neue-e-busse-fuer-bonn.php,,kein_archiv,302,,2026-10-04
bonn-2025-025,https://www.bonn.de/pressemitteilungen/april-2024/zehn-neue-e-busse-fuer-bonn.php,,kein_archiv,302,,2026-10-04
bonn-2025-026,https://www.bonn.de/pressemitteilungen/januar/frankenbad-ist-sanierungsfaehig-machbarkeitsstudie-beauftragt.php,https://web.archive.org/web/20250219091545/https://www.bonn.de/pressemitteilungen/januar/frankenbad-ist-sanierungsfaehig-machbarkeitsstudie-beauftragt.php,zitat_fehlt,302,die ergebnisse der sanierungs machbarkeitsstudie für das frankenbad sollen in der zweiten jahreshälfte 2025 vorliegen,2026-10-04
bonn-2025-027,https://www.bonn.de/pressemitteilungen/mai-2024/neue-unterkunft-fuer-gefluechtete-in-dottendorf.php,,kein_archiv,302,,2026-10-04
bonn-2025-028,https://www.bonn.de/pressemitteilungen/mai-2024/neue-unterkunft-fuer-gefluechtete-in-dottendorf.php,,kein_archiv,302,,2026-10-04
bonn-2025-029,https://www.bonn.de/pressemitteilungen/mai/immer-mehr-menschen-in-bonn-zu-fuss-mit-dem-rad-oder-dem-oepnv-unterwegs.php,https://web.archive.org/web/20251220044810/https://www.bonn.de/pressemitteilungen/mai/immer-mehr-menschen-in-bonn-zu-fuss-mit-dem-rad-oder-dem-oepnv-unterwegs.php,zitat_fehlt,302,75 prozent aller wege in bonn sollen bis 2030 umweltfreundlich zu fuß mit dem rad oder dem öpnv zurückgelegt werden aktuell liegt der anteil bei 71 prozent,2026-10-04
bonn-2025-030,https://www.bonn.de/pressemitteilungen/mai/immer-mehr-menschen-in-bonn-zu-fuss-mit-dem-rad-oder-dem-oepnv-unterwegs.php,https://web.archive.org/web/20251220044810/https://www.bonn.de/pressemitteilungen/mai/immer-mehr-menschen-in-bonn-zu-fuss-mit-dem-rad-oder-dem-oepnv-unterwegs.php,zitat_fehlt,302,75 prozent aller wege in bonn sollen bis 2030 umweltfreundlich zu fuß mit dem rad oder dem öpnv zurückgelegt werden aktuell liegt der anteil bei 71 prozent,2026-10-04
bonn-2026-031,https://www.bonn.de/pressemitteilungen/januar-2026/neue-oeffnungszeiten-fuer-den-bonner-weihnachtsmarkt-2026-2027.php,https://web.archive.org/web/20260122141207/https://www.bonn.de/pressemitteilungen/januar-2026/neue-oeffnungszeiten-fuer-den-bonner-weihnachtsmarkt-2026-2027.php,zitat_fehlt,302,bonner weihnachtsmarkt 2026 findet vom 18 november bis 23 dezember 2026 statt geschlossen am totensonntag 22 11 neue öffnungszeit ab 12 uhr,2026-10-04
bonn-2026-032,https://www.bonn.de/pressemitteilungen/august-2026/neustrukturierung-der-verwaltung.php,,kein_archiv,302,,2026-10-04
bonn-2026-033,https://www.bonn.de/pressemitteilungen/august-2026/neustrukturierung-der-verwaltung.php,,kein_archiv,302,,2026-10-04
bonn-2026-034,https://www.bonn.de/pressemitteilungen/august-2026/haltestelle-heussallee-in-richtung-bonn-gesperrt.php,,kein_archiv,302,,2026-10-04
bonn-2026-035,https://www.bonn.de/pressemitteilungen/august-2026/naechtliche-reinigung-von-abwasserkanaelen.php,,kein_archiv,302,,2026-10-04
bonn-2026-036,https://www.bonn.de/pressemitteilungen/august-2026/neustrukturierung-der-verwaltung.php,,kein_archiv,302,,2026-10-04
bund-2026-001,https://bmds.bund.de/aktuelles/pressemitteilungen/detail/d-you-deutschland-startet-digitale-identitaet-fuer-alle,https://web.archive.org/web/20261003192611/https://bmds.bund.de/aktuelles/pressemitteilungen/detail/d-you-deutschland-startet-digitale-identitaet-fuer-alle,ok,,,2026-10-04
bund-2026-002,https://www.bundesregierung.de/breg-de/aktuelles/einkommensteuerreform-2027-2451192,https://web.archive.org/web/20261003193514/https://www.bundesregierung.de/breg-de/aktuelles/einkommensteuerreform-2027-2451192,ok,,,2026-10-04
bund-2026-003,https://www.bmwsb.bund.de/SharedDocs/gesetzgebungsverfahren/DE/wohngeld-2026/wohngeldreform.html,https://web.archive.org/web/20261003235825/https://www.bmwsb.bund.de/SharedDocs/gesetzgebungsverfahren/DE/wohngeld-2026/wohngeldreform.html,ok,,,2026-10-04
bund-2026-004,https://www.bundesregierung.de/breg-de/aktuelles/pflegeneuordnungsgesetz-2454862,https://web.archive.org/web/20260930162907/https://www.bundesregierung.de/breg-de/aktuelles/pflegeneuordnungsgesetz-2454862,ok,,,2026-10-04
bund-2026-005,https://www.bundesregierung.de/breg-de/aktuelles/pflegeneuordnungsgesetz-2454862,https://web.archive.org/web/20260930162907/https://www.bundesregierung.de/breg-de/aktuelles/pflegeneuordnungsgesetz-2454862,ok,,,2026-10-04
bund-2026-006,https://www.bmv.de/SharedDocs/DE/Pressemitteilungen/2026/037-schnieder-ein-jahr-bmv.html,https://web.archive.org/web/20260519214939/https://www.bmv.de/SharedDocs/DE/Pressemitteilungen/2026/037-schnieder-ein-jahr-bmv.html,ok,,,2026-10-04
bund-2026-007,https://www.bmvg.de/de/presse/bundeswehr-weiter-auf-gesetzlich-festgelegtem-aufwuchspfad-6156012,https://web.archive.org/web/20260929034059/https://www.bmvg.de/de/presse/bundeswehr-weiter-auf-gesetzlich-festgelegtem-aufwuchspfad-6156012,ok,,,2026-10-04
bund-2026-008,https://www.bundesregierung.de/breg-de/aktuelles/kabinett-stromversorgungssicherheit-2430320,https://web.archive.org/web/20260703080911/https://www.bundesregierung.de/breg-de/aktuelles/kabinett-stromversorgungssicherheit-2430320,ok,,,2026-10-04
dortmund-2025-001,https://www.nordstadtblogger.de/gruenes-licht-fuer-den-milliardenschweren-doppelhaushalt-202526-der-stadt-dortmund/,https://web.archive.org/web/20251018073655/https://www.nordstadtblogger.de/gruenes-licht-fuer-den-milliardenschweren-doppelhaushalt-202526-der-stadt-dortmund/,zitat_fehlt,nein,der haushalt 2025 wird mit einem geplanten jahresfehlbetrag von rund 335 millionen euro abgeschlossen,2026-10-04
dortmund-2025-002,https://www.nordstadtblogger.de/gruenes-licht-fuer-den-milliardenschweren-doppelhaushalt-202526-der-stadt-dortmund/,https://web.archive.org/web/20251018073655/https://www.nordstadtblogger.de/gruenes-licht-fuer-den-milliardenschweren-doppelhaushalt-202526-der-stadt-dortmund/,zitat_fehlt,nein,der haushalt 2026 wird mit einem geplanten jahresfehlbetrag von rund 55 millionen euro abgeschlossen,2026-10-04
dortmund-2025-003,https://www.nordstadtblogger.de/rat-entscheidet-ueber-sofortpaket-stadt-dortmund-plant-vier-neue-weiterfuehrende-schulen-bis-2027/,https://web.archive.org/web/20260115061651/https://www.nordstadtblogger.de/rat-entscheidet-ueber-sofortpaket-stadt-dortmund-plant-vier-neue-weiterfuehrende-schulen-bis-2027/,zitat_fehlt,nein,die stadt plant vier neue weiterführende schulen gesamtschulen gymnasien zum schuljahr 2027 2028,2026-10-04
dortmund-2025-004,https://www.nordstadtblogger.de/rat-entscheidet-ueber-sofortpaket-stadt-dortmund-plant-vier-neue-weiterfuehrende-schulen-bis-2027/,https://web.archive.org/web/20260115061651/https://www.nordstadtblogger.de/rat-entscheidet-ueber-sofortpaket-stadt-dortmund-plant-vier-neue-weiterfuehrende-schulen-bis-2027/,zitat_fehlt,nein,dafür werden 19 zusätzliche schulzüge benötigt,2026-10-04
dortmund-2025-005,https://www.ruhrnachrichten.de/dortmund/ueber-300-mio-und-sieben-neue-kitas-in-dortmund-fabido-stellt-plaene-fuer-2025-und-2026-vor-w959722-2001438793/,https://web.archive.org/web/20241113015424/https://www.ruhrnachrichten.de/dortmund/ueber-300-mio-und-sieben-neue-kitas-in-dortmund-fabido-stellt-plaene-fuer-2025-und-2026-vor-w959722-2001438793/,zitat_fehlt,nein,burgweg innenstadt nord 200 plätze 10 gruppen ab 1 10,2026-10-04
dortmund-2025-006,https://www.ruhrnachrichten.de/dortmund/ueber-300-mio-und-sieben-neue-kitas-in-dortmund-fabido-stellt-plaene-fuer-2025-und-2026-vor-w959722-2001438793/,https://web.archive.org/web/20241113015424/https://www.ruhrnachrichten.de/dortmund/ueber-300-mio-und-sieben-neue-kitas-in-dortmund-fabido-stellt-plaene-fuer-2025-und-2026-vor-w959722-2001438793/,zitat_fehlt,nein,kleyer weg lütgendortmund 72 plätze ab 1 10,2026-10-04
dortmund-2025-007,https://www.ruhrnachrichten.de/dortmund/ueber-300-mio-und-sieben-neue-kitas-in-dortmund-fabido-stellt-plaene-fuer-2025-und-2026-vor-w959722-2001438793/,https://web.archive.org/web/20241113015424/https://www.ruhrnachrichten.de/dortmund/ueber-300-mio-und-sieben-neue-kitas-in-dortmund-fabido-stellt-plaene-fuer-2025-und-2026-vor-w959722-2001438793/,zitat_fehlt,nein,buschei scharnhorst 108 plätze 6 gruppen ab 1 12,2026-10-04
dortmund-2025-008,https://www.ruhrnachrichten.de/dortmund/ueber-300-mio-und-sieben-neue-kitas-in-dortmund-fabido-stellt-plaene-fuer-2025-und-2026-vor-w959722-2001438793/,https://web.archive.org/web/20241113015424/https://www.ruhrnachrichten.de/dortmund/ueber-300-mio-und-sieben-neue-kitas-in-dortmund-fabido-stellt-plaene-fuer-2025-und-2026-vor-w959722-2001438793/,zitat_fehlt,nein,für 2026 sind drei weitere kitas mit insgesamt 368 plätzen geplant steinkühlerweg hörde oberbecker straße scharnhorst alte ellinghauser straße eving,2026-10-04
dortmund-2025-009,https://www.mengede-intakt.de/2025/05/29/dortmund-macht-tempo-beim-glasfaserausbau/,https://web.archive.org/web/20250712031231/https://www.mengede-intakt.de/2025/05/29/dortmund-macht-tempo-beim-glasfaserausbau/,zitat_fehlt,nein,2025 werden 41 dortmunder grund haupt und förderschulen ans glasfasernetz angeschlossen,2026-10-04
dortmund-2025-010,https://www.mengede-intakt.de/2025/05/29/dortmund-macht-tempo-beim-glasfaserausbau/,https://web.archive.org/web/20250712031231/https://www.mengede-intakt.de/2025/05/29/dortmund-macht-tempo-beim-glasfaserausbau/,zitat_fehlt,nein,bis ende 2026 sollen dann alle dortmunder schulen über breitbandanschluss verfügen,2026-10-04
dortmund-2025-011,https://www.mengede-intakt.de/2025/05/29/dortmund-macht-tempo-beim-glasfaserausbau/,https://web.archive.org/web/20250712031231/https://www.mengede-intakt.de/2025/05/29/dortmund-macht-tempo-beim-glasfaserausbau/,zitat_fehlt,nein,insgesamt sei eine glasfaserquote von 98 prozent erreichbar,2026-10-04
dortmund-2025-012,https://www.airportzentrale.de/flughafen-dortmund-aufsichtsrat-blickt-auf-2024-und-kuendigt-baumassnahmen-in-2025-an/86594/,https://web.archive.org/web/20260515015057/https://www.airportzentrale.de/flughafen-dortmund-aufsichtsrat-blickt-auf-2024-und-kuendigt-baumassnahmen-in-2025-an/86594/,zitat_fehlt,nein,ziel für 2025 das passagiervolumen des rekordjahres 2024 rund 3 1 mio passagiere soll 2025 erneut erreicht werden,2026-10-04
dortmund-2025-013,https://www.electrive.net/2024/10/21/dortmund-rueckt-von-reinen-e-bus-plaenen-wieder-ab/,https://web.archive.org/web/20250119094950/https://www.electrive.net/2024/10/21/dortmund-rueckt-von-reinen-e-bus-plaenen-wieder-ab/,zitat_fehlt,nein,155 neue dieselbusse für rund 55 mio geplant statt einer reinen e bus strategie,2026-10-04
dortmund-2025-014,https://www.electrive.net/2024/10/21/dortmund-rueckt-von-reinen-e-bus-plaenen-wieder-ab/,https://web.archive.org/web/20250119094950/https://www.electrive.net/2024/10/21/dortmund-rueckt-von-reinen-e-bus-plaenen-wieder-ab/,zitat_fehlt,nein,155 neue dieselbusse für rund 55 mio geplant statt einer reinen e bus strategie,2026-10-04
dortmund-2026-015,https://www.dortmund.de/newsroom/presse-mitteilungen/naechster-schritt-zum-radschnellweg-der-umbau-der-sonnenstrasse-startet-ende-2026.html,https://web.archive.org/web/20260710132706/https://www.dortmund.de/newsroom/presse-mitteilungen/naechster-schritt-zum-radschnellweg-der-umbau-der-sonnenstrasse-startet-ende-2026.html,zitat_fehlt,nein,wenn alles nach plan verläuft könnten die bauarbeiten 2 bauabschnitt radschnellweg rs1 sonnenstraße ende 2026 beginnen,2026-10-04
dortmund-2026-016,https://www.dortmund.de/newsroom/presse-mitteilungen/dortmund-bekommt-eine-erste-fahrradzone-neue-regeln-verbessern-schulwegsicherheit-und-lebensqualitaet-in-schueren.html,https://web.archive.org/web/20260517062527/https://www.dortmund.de/newsroom/presse-mitteilungen/dortmund-bekommt-eine-erste-fahrradzone-neue-regeln-verbessern-schulwegsicherheit-und-lebensqualitaet-in-schueren.html,ok,,,2026-10-04
dortmund-2026-017,https://www.dortmund.de/newsroom/presse-mitteilungen/endspurt-fuer-den-gefoerderten-glasfaserausbau-bis-ende-2026-errichtet-dokom21-noch-90-kilometer-glasfaser-kabeltrassen-150-schulen-profitieren.html,,kein_archiv,nein,,2026-10-04
dortmund-2026-018,https://www.dortmund.de/newsroom/presse-mitteilungen/pop-up-iga-hat-in-dortmunds-city-eroeffnet.html,,kein_archiv,nein,,2026-10-04
dortmund-2026-019,https://www.dortmund.de/newsroom/nachrichten-dortmund.de/dortmund-sagt-olympi-ja.html,https://web.archive.org/web/20260602033832/https://www.dortmund.de/newsroom/nachrichten-dortmund.de/dortmund-sagt-olympi-ja.html,zitat_fehlt,nein,der dosb entscheidet im herbst 2026 bei einer außerordentlichen mitgliederversammlung am 26 september 2026 über den deutschen olympia kandidaten,2026-10-04
dortmund-2026-020,https://www.dortmund.de/newsroom/nachrichten-dortmund.de/im-september-richtet-die-kokerei-hansa-das-neue-fatt-aus.html,https://web.archive.org/web/20261004000003/https://www.dortmund.de/newsroom/nachrichten-dortmund.de/im-september-richtet-die-kokerei-hansa-das-neue-fatt-aus.html,ok,,,2026-10-04
duesseldorf-2025-001,https://www.duesseldorf.de/medienportal/pressedienst-einzelansicht/pld/etateinbringung-haushalt-2025,https://web.archive.org/web/20260326154427/https://www.duesseldorf.de/medienportal/pressedienst-einzelansicht/pld/etateinbringung-haushalt-2025,zitat_fehlt,nein,für 2025 wird ein jahresfehlbetrag von 261 8 mio erwartet,2026-10-04
duesseldorf-2025-002,https://www.duesseldorf.de/medienportal/pressedienst-einzelansicht/pld/etateinbringung-haushalt-2025,https://web.archive.org/web/20260326154427/https://www.duesseldorf.de/medienportal/pressedienst-einzelansicht/pld/etateinbringung-haushalt-2025,zitat_fehlt,nein,für 2025 2028 sind investitionsauszahlungen von 1 482 mrd geplant,2026-10-04
duesseldorf-2025-003,https://www.duesseldorf.de/medienportal/pressedienst-einzelansicht/pld/etateinbringung-haushalt-2025,https://web.archive.org/web/20260326154427/https://www.duesseldorf.de/medienportal/pressedienst-einzelansicht/pld/etateinbringung-haushalt-2025,zitat_fehlt,nein,für schulbau sind 2025 419 1 mio vorgesehen,2026-10-04
duesseldorf-2025-004,https://www.duesseldorf.de/aktuelles/news/detailansicht/newsdetail/rat-verabschiedet-haushalt-2025-1,https://web.archive.org/web/20250720202028/https://www.duesseldorf.de/aktuelles/news/detailansicht/newsdetail/rat-verabschiedet-haushalt-2025-1,zitat_fehlt,nein,der vom rat verabschiedete haushalt 2025 sieht ein defizit von 214 5 mio vor,2026-10-04
duesseldorf-2025-005,https://www.duesseldorf.de/aktuelles/news/detailansicht/newsdetail/rat-verabschiedet-haushalt-2025-1,https://web.archive.org/web/20250720202028/https://www.duesseldorf.de/aktuelles/news/detailansicht/newsdetail/rat-verabschiedet-haushalt-2025-1,zitat_fehlt,nein,das investitionsvolumen 2025 erreicht 972 6 mio so hoch wie nie zuvor,2026-10-04
duesseldorf-2025-006,https://www.duesseldorf.de/aktuelles/news/detailansicht/newsdetail/rat-verabschiedet-haushalt-2025-1,https://web.archive.org/web/20250720202028/https://www.duesseldorf.de/aktuelles/news/detailansicht/newsdetail/rat-verabschiedet-haushalt-2025-1,zitat_fehlt,nein,schulbau investitionen 2025 belaufen sich im ratsbeschluss auf 459 1 mio,2026-10-04
duesseldorf-2025-007,https://www.duesseldorf.de/aktuelles/news/detailansicht/newsdetail/rat-verabschiedet-haushalt-2025-1,https://web.archive.org/web/20250720202028/https://www.duesseldorf.de/aktuelles/news/detailansicht/newsdetail/rat-verabschiedet-haushalt-2025-1,zitat_fehlt,nein,für den öpnv sind 2025 99 mio eingeplant davon 53 9 mio für die stadtbahnlinie u81,2026-10-04
duesseldorf-2025-008,https://www.duesseldorf.de/aktuelles/news/detailansicht/newsdetail/rat-verabschiedet-haushalt-2025-1,https://web.archive.org/web/20250720202028/https://www.duesseldorf.de/aktuelles/news/detailansicht/newsdetail/rat-verabschiedet-haushalt-2025-1,zitat_fehlt,nein,für den öpnv sind 2025 99 mio eingeplant davon 53 9 mio für die stadtbahnlinie u81,2026-10-04
duesseldorf-2025-009,https://www.duesseldorf.de/medienportal/pressedienst-einzelansicht/pld/stadt-erwartet-trotz-verbesserung-von-323-millionen-euro-ein-negatives-jahresergebnisses-in-hoehe-von-357-millionen-euro,,kein_archiv,nein,,2026-10-04
duesseldorf-2025-010,https://www.duesseldorf.de/medienportal/pressedienst-einzelansicht/pld/etateinbringung-haushalt-2026,https://web.archive.org/web/20260301164243/https://www.duesseldorf.de/medienportal/pressedienst-einzelansicht/pld/etateinbringung-haushalt-2026,zitat_fehlt,nein,für 2026 wird im haushaltsentwurf ein defizit von 357 8 mio erwartet,2026-10-04
duesseldorf-2025-011,https://www.duesseldorf.de/medienportal/pressedienst-einzelansicht/pld/etateinbringung-haushalt-2026,https://web.archive.org/web/20260301164243/https://www.duesseldorf.de/medienportal/pressedienst-einzelansicht/pld/etateinbringung-haushalt-2026,zitat_fehlt,nein,das investitionsvolumen 2026 soll 676 5 mio betragen,2026-10-04
duesseldorf-2025-012,https://www.duesseldorf.de/medienportal/pressedienst-einzelansicht/pld/etateinbringung-haushalt-2026,https://web.archive.org/web/20260301164243/https://www.duesseldorf.de/medienportal/pressedienst-einzelansicht/pld/etateinbringung-haushalt-2026,zitat_fehlt,nein,für 2026 2029 sind investitionsauszahlungen von 1 9 mrd geplant,2026-10-04
duesseldorf-2025-013,https://www.duesseldorf.de/medienportal/pressedienst-einzelansicht/pld/etateinbringung-haushalt-2026,https://web.archive.org/web/20260301164243/https://www.duesseldorf.de/medienportal/pressedienst-einzelansicht/pld/etateinbringung-haushalt-2026,zitat_fehlt,nein,schulbau investitionen 2026 257 4 mio,2026-10-04
duesseldorf-2025-014,https://www.duesseldorf.de/medienportal/pressedienst-einzelansicht/pld/etateinbringung-haushalt-2026,https://web.archive.org/web/20260301164243/https://www.duesseldorf.de/medienportal/pressedienst-einzelansicht/pld/etateinbringung-haushalt-2026,zitat_fehlt,nein,öpnv investitionen 2026 57 3 mio davon 34 2 mio für u81,2026-10-04
duesseldorf-2025-015,https://www.duesseldorf.de/medienportal/pressedienst-einzelansicht/pld/etateinbringung-haushalt-2026,https://web.archive.org/web/20260301164243/https://www.duesseldorf.de/medienportal/pressedienst-einzelansicht/pld/etateinbringung-haushalt-2026,zitat_fehlt,nein,öpnv investitionen 2026 57 3 mio davon 34 2 mio für u81,2026-10-04
duesseldorf-2025-016,https://www.duesseldorf.de/medienportal/pressedienst-einzelansicht/pld/wohnungsbauoffensive-kommt-voran-8000-neue-wohnungen-geplant,https://web.archive.org/web/20250922220712/https://www.duesseldorf.de/medienportal/pressedienst-einzelansicht/pld/wohnungsbauoffensive-kommt-voran-8000-neue-wohnungen-geplant,zitat_fehlt,nein,die wohnungsbauoffensive soll 8 000 wohnungen ermöglichen 4 000 auf städtischen flächen 4 000 auf weiteren flächen bis 2030,2026-10-04
duesseldorf-2025-017,https://www.duesseldorf.de/medienportal/pressedienst-einzelansicht/pld/wohnungsbauoffensive-kommt-voran-8000-neue-wohnungen-geplant,https://web.archive.org/web/20250922220712/https://www.duesseldorf.de/medienportal/pressedienst-einzelansicht/pld/wohnungsbauoffensive-kommt-voran-8000-neue-wohnungen-geplant,zitat_fehlt,nein,für 2024 wird mit rund 3 000 genehmigten wohnungen gerechnet,2026-10-04
duesseldorf-2025-018,https://www.duesseldorf.de/medienportal/pressedienst-einzelansicht/pld/wohnungsbau-geht-kontinuierlich-voran-seit-2024-baugenehmigungen-fuer-6000-wohnungen-erteilt,https://web.archive.org/web/20250908132909/https://www.duesseldorf.de/medienportal/pressedienst-einzelansicht/pld/wohnungsbau-geht-kontinuierlich-voran-seit-2024-baugenehmigungen-fuer-6000-wohnungen-erteilt,zitat_fehlt,nein,ziel der wohnungsbauoffensive 2030 bleibt mindestens 8 000 wohneinheiten bis 2030,2026-10-04
duesseldorf-2025-019,https://www.duesseldorf.de/medienportal/pressedienst-einzelansicht/pld/1500-baeume-fuer-duesseldorf-stadt-startet-in-die-pflanzsaison,https://web.archive.org/web/20241119090028/https://www.duesseldorf.de/medienportal/pressedienst-einzelansicht/pld/1500-baeume-fuer-duesseldorf-stadt-startet-in-die-pflanzsaison,zitat_fehlt,nein,die stadt will bis zum frühjahr 1 500 bäume neu pflanzen pflanzsaison 2024 25,2026-10-04
duesseldorf-2025-020,https://www.duesseldorf.de/medienportal/pressedienst-einzelansicht/pld/offizieller-bauauftakt-fuer-die-radleitroute-2,https://web.archive.org/web/20251212133923/https://www.duesseldorf.de/medienportal/pressedienst-einzelansicht/pld/offizieller-bauauftakt-fuer-die-radleitroute-2,zitat_fehlt,nein,die radleitroute 2 west ost wird rund 12 km lang der 1 bauabschnitt kostet rund 5 4 mio der abschnitt luegallee luegplatz soll noch 2025 fertiggestellt werden,2026-10-04
duesseldorf-2025-021,https://www.duesseldorf.de/medienportal/pressedienst-einzelansicht/pld/offizieller-bauauftakt-fuer-die-radleitroute-2,https://web.archive.org/web/20251212133923/https://www.duesseldorf.de/medienportal/pressedienst-einzelansicht/pld/offizieller-bauauftakt-fuer-die-radleitroute-2,zitat_fehlt,nein,die radleitroute 2 west ost wird rund 12 km lang der 1 bauabschnitt kostet rund 5 4 mio der abschnitt luegallee luegplatz soll noch 2025 fertiggestellt werden,2026-10-04
duesseldorf-2025-022,https://www.duesseldorf.de/medienportal/pressedienst-einzelansicht/pld/offizieller-bauauftakt-fuer-die-radleitroute-2,https://web.archive.org/web/20251212133923/https://www.duesseldorf.de/medienportal/pressedienst-einzelansicht/pld/offizieller-bauauftakt-fuer-die-radleitroute-2,zitat_fehlt,nein,die radleitroute 2 west ost wird rund 12 km lang der 1 bauabschnitt kostet rund 5 4 mio der abschnitt luegallee luegplatz soll noch 2025 fertiggestellt werden,2026-10-04
duesseldorf-2025-023,https://lokalklick.eu/2025/07/21/duesseldorf-macht-schule-3/,https://web.archive.org/web/20260614222424/https://lokalklick.eu/2025/07/21/duesseldorf-macht-schule-3/,zitat_fehlt,nein,die stadt investiert bis 2030 rund 2 mrd in die schulbauoffensive,2026-10-04
duesseldorf-2025-024,https://lokalklick.eu/2025/07/21/duesseldorf-macht-schule-3/,https://web.archive.org/web/20260614222424/https://lokalklick.eu/2025/07/21/duesseldorf-macht-schule-3/,zitat_fehlt,nein,der neubau am comenius gymnasium 25 mio soll ende 2025 fertiggestellt sein,2026-10-04
duesseldorf-2025-025,https://lokalklick.eu/2025/07/21/duesseldorf-macht-schule-3/,https://web.archive.org/web/20260614222424/https://lokalklick.eu/2025/07/21/duesseldorf-macht-schule-3/,zitat_fehlt,nein,der neubau am comenius gymnasium 25 mio soll ende 2025 fertiggestellt sein,2026-10-04
duesseldorf-2025-026,https://lokalklick.eu/2025/07/21/duesseldorf-macht-schule-3/,https://web.archive.org/web/20260614222424/https://lokalklick.eu/2025/07/21/duesseldorf-macht-schule-3/,zitat_fehlt,nein,der rund 106 mio teure neubau des luisen gymnasiums wird zum schuljahr 2026 27 bezogen,2026-10-04
duesseldorf-2025-027,https://lokalklick.eu/2025/07/21/duesseldorf-macht-schule-3/,https://web.archive.org/web/20260614222424/https://lokalklick.eu/2025/07/21/duesseldorf-macht-schule-3/,zitat_fehlt,nein,der rund 106 mio teure neubau des luisen gymnasiums wird zum schuljahr 2026 27 bezogen,2026-10-04
duesseldorf-2025-028,https://lokalklick.eu/2025/07/21/duesseldorf-macht-schule-3/,https://web.archive.org/web/20260614222424/https://lokalklick.eu/2025/07/21/duesseldorf-macht-schule-3/,zitat_fehlt,nein,die joseph beuys gesamtschule wird zum schuljahr 2027 28 von vier auf sechs züge erhöht gesamtkosten 93 mio,2026-10-04
duesseldorf-2025-029,https://lokalklick.eu/2025/07/21/duesseldorf-macht-schule-3/,https://web.archive.org/web/20260614222424/https://lokalklick.eu/2025/07/21/duesseldorf-macht-schule-3/,zitat_fehlt,nein,die joseph beuys gesamtschule wird zum schuljahr 2027 28 von vier auf sechs züge erhöht gesamtkosten 93 mio,2026-10-04
duesseldorf-2025-030,https://www.ddorf-aktuell.de/2025/05/28/duesseldorf-benrath-ab-freitag-ist-das-freibad-geoeffnet/,https://web.archive.org/web/20251209204002/https://www.ddorf-aktuell.de/2025/05/28/duesseldorf-benrath-ab-freitag-ist-das-freibad-geoeffnet/,zitat_fehlt,nein,das freibad benrath öffnet ab freitag 30 05 2025 für die saison,2026-10-04
duesseldorf-2026-031,https://www.duesseldorf.de/kanal/bauprojekte/kanalerneuerung-otto-petersen-strasse/heinrichstrasse,https://web.archive.org/web/20261004000059/https://www.duesseldorf.de/kanal/bauprojekte/kanalerneuerung-otto-petersen-strasse/heinrichstrasse,ok,,,2026-10-04
duesseldorf-2026-032,https://www.duesseldorf.de/medienportal/pressedienst-einzelansicht/pld/kanalsanierung-in-der-alten-landstrasse-in-kaiserswerth,https://web.archive.org/web/20261004000159/https://www.duesseldorf.de/medienportal/pressedienst-einzelansicht/pld/kanalsanierung-in-der-alten-landstrasse-in-kaiserswerth,ok,,,2026-10-04
duesseldorf-2026-033,https://www.duesseldorf.de/aktuelles/news/detailansicht/newsdetail/25-27092026-chefs-in-town-geht-in-die-dritte-runde,,kein_archiv,404,,2026-10-04
duesseldorf-2026-034,https://www.duesseldorf.de/medienportal/pressemitteilung?tx_pld_frontpage%5Baction%5D=detail&tx_pld_frontpage%5Bcontroller%5D=FrontendNews&tx_pld_frontpage%5Bnews%5D=64275&cHash=4befd3a7fbb716f050428a83b19cde99,https://web.archive.org/web/20261004000255/https://www.duesseldorf.de/medienportal/pressemitteilung?tx_pld_frontpage%5Baction%5D=detail&tx_pld_frontpage%5Bcontroller%5D=FrontendNews&tx_pld_frontpage%5Bnews%5D=64275&cHash=4befd3a7fbb716f050428a83b19cde99,ok,,,2026-10-04
duesseldorf-2026-035,https://www.visitduesseldorf.de/erleben/veranstaltungen/weihnachten-in-duesseldorf,https://web.archive.org/web/20260723020923/https://www.visitduesseldorf.de/erleben/veranstaltungen/weihnachten-in-duesseldorf,zitat_fehlt,nein,19 november bis 30 dezember,2026-10-04
duisburg-2026-001,https://www.wb-duisburg.de/unsere-leistungen/immobilien/grundsteinlegung-fuer-den-erweiterungsneubau-an-der-heinrich-heine-gesamtschule-in-duisburg-rheinhausen,https://web.archive.org/web/20261003214631/https://www.wb-duisburg.de/unsere-leistungen/immobilien/grundsteinlegung-fuer-den-erweiterungsneubau-an-der-heinrich-heine-gesamtschule-in-duisburg-rheinhausen,ok,,,2026-10-04
duisburg-2026-002,https://www.wb-duisburg.de/ueber-uns/presse/pressemitteilungen/richtfest-fuer-die-erweiterungsneubauten-an-der-gottfried-wilhelm-leibniz-gesamtschule,https://web.archive.org/web/20261003214704/https://www.wb-duisburg.de/ueber-uns/presse/pressemitteilungen/richtfest-fuer-die-erweiterungsneubauten-an-der-gottfried-wilhelm-leibniz-gesamtschule,ok,,,2026-10-04
duisburg-2026-003,https://www.wb-duisburg.de/ueber-uns/presse/pressemitteilungen/richtfest-fuer-die-neue-gesamtschule-mitte-sued-in-duisburg-wanheimerort,,kein_archiv,nein,,2026-10-04
duisburg-2026-004,https://www.wb-duisburg.de/ueber-uns/presse/pressemitteilungen/richtfest-fuer-die-neue-feuer-und-rettungswache-1a-in-duisburg-mitte,https://web.archive.org/web/20261003214757/https://www.wb-duisburg.de/ueber-uns/presse/pressemitteilungen/richtfest-fuer-die-neue-feuer-und-rettungswache-1a-in-duisburg-mitte,ok,,,2026-10-04
duisburg-2026-005,https://www.wb-duisburg.de/ueber-uns/presse/pressemitteilungen/spatenstich-fuer-neues-geraetehaus-des-loeschzuges-310-und-feuerwehr-ausbildungszentrum-in-duisburg-hamborn,https://web.archive.org/web/20261003214824/https://www.wb-duisburg.de/ueber-uns/presse/pressemitteilungen/spatenstich-fuer-neues-geraetehaus-des-loeschzuges-310-und-feuerwehr-ausbildungszentrum-in-duisburg-hamborn,ok,,,2026-10-04
duisburg-2026-006,https://www.wb-duisburg.de/ueber-uns/presse/pressemitteilungen/rheinpark-duisburg-wird-grossbaustelle-bis-2027,https://web.archive.org/web/20261003214851/https://www.wb-duisburg.de/ueber-uns/presse/pressemitteilungen/rheinpark-duisburg-wird-grossbaustelle-bis-2027,ok,,,2026-10-04
duisburg-2026-007,http://web.archive.org/web/20260312155054/https://www.dvg-duisburg.de/die-dvg/aktuell/taktverdichtung,http://web.archive.org/web/20260312155054/https://www.dvg-duisburg.de/die-dvg/aktuell/taktverdichtung,ok,,,2026-10-04
duisburg-2026-008,https://www.rundschauduisburg.de/2026/07/24/wirtschaftsbetriebe-duisburg-wichtige-investition-in-den-hochwasserschutz-am-innenhafen,https://web.archive.org/web/20261003214924/https://www.rundschauduisburg.de/2026/07/24/wirtschaftsbetriebe-duisburg-wichtige-investition-in-den-hochwasserschutz-am-innenhafen,zitat_fehlt,nein,nach abschluss des vergabeverfahrens sollen die bauarbeiten nach aktueller planung im frühjahr 2027 beginnen die fertigstellung ist für 2029 vorgesehen,2026-10-04
duisburg-2026-009,https://www.duisburg.de/microsites/stadtbibliothek/standorte/inhalt-i.1,https://web.archive.org/web/20260911161630/https://www.duisburg.de/microsites/stadtbibliothek/standorte/inhalt-i.1,ok,,,2026-10-04
duisburg-2026-010,https://www.radioduisburg.de/artikel/duisburgs-sparplan-was-die-buerger-erwartet-2767227,https://web.archive.org/web/20261004001617/https://www.radioduisburg.de/artikel/duisburgs-sparplan-was-die-buerger-erwartet-2767227,ok,,,2026-10-04
duisburg-2026-011,https://www.extra-tipp-am-sonntag.de/moers-niederrhein/duisburg-dramatische-finanzlage_aid-155793017,https://web.archive.org/web/20261004000434/https://www.extra-tipp-am-sonntag.de/moers-niederrhein/duisburg-dramatische-finanzlage_aid-155793017,ok,,,2026-10-04
essen-2025-001,https://www.essen.de/meldungen/pressemeldung_1542493.de.html,https://web.archive.org/web/20260412121252/https://www.essen.de/meldungen/pressemeldung_1542493.de.html,zitat_fehlt,nein,haushaltsplan entwurf 2025 2026 sieht für das jahr 2025 einen überschuss von 3 4 mio vor,2026-10-04
essen-2025-002,https://www.essen.de/meldungen/pressemeldung_1542493.de.html,https://web.archive.org/web/20260412121252/https://www.essen.de/meldungen/pressemeldung_1542493.de.html,zitat_fehlt,nein,derselbe haushaltsplan entwurf sieht für 2026 einen überschuss von 3 5 mio vor,2026-10-04
essen-2025-003,https://www.essen.de/meldungen/pressemeldung_1542493.de.html,https://web.archive.org/web/20260412121252/https://www.essen.de/meldungen/pressemeldung_1542493.de.html,zitat_fehlt,nein,investitionsplan 2025 2029 gesamtinvestitionen von 2 7 mrd davon 965 4 mio für schulbau,2026-10-04
essen-2025-004,https://www.essen.de/meldungen/pressemeldung_1542493.de.html,https://web.archive.org/web/20260412121252/https://www.essen.de/meldungen/pressemeldung_1542493.de.html,zitat_fehlt,nein,investitionsplan 2025 2029 gesamtinvestitionen von 2 7 mrd davon 965 4 mio für schulbau,2026-10-04
essen-2025-005,https://www.essen.de/meldungen/pressemeldung_1542493.de.html,https://web.archive.org/web/20260412121252/https://www.essen.de/meldungen/pressemeldung_1542493.de.html,zitat_fehlt,nein,investitionsschulden der stadt sollen bis ende 2029 auf rund 3 4 mrd steigen,2026-10-04
essen-2025-006,https://www.essen.de/meldungen/pressemeldung_1551957.de.html,https://web.archive.org/web/20250224032119/https://www.essen.de/meldungen/pressemeldung_1551957.de.html,zitat_fehlt,nein,für das kita jahr 2025 2026 sollen 24 482 betreuungsplätze bereitstehen,2026-10-04
essen-2025-007,https://www.essen.de/meldungen/pressemeldung_1551957.de.html,https://web.archive.org/web/20250224032119/https://www.essen.de/meldungen/pressemeldung_1551957.de.html,zitat_fehlt,nein,699 neue plätze,2026-10-04
essen-2025-008,https://www.essen.de/meldungen/pressemeldung_1551957.de.html,https://web.archive.org/web/20250224032119/https://www.essen.de/meldungen/pressemeldung_1551957.de.html,zitat_fehlt,nein,u3 quote 42 %,2026-10-04
essen-2025-009,https://www.essen.de/meldungen/pressemeldung_1551957.de.html,https://web.archive.org/web/20250224032119/https://www.essen.de/meldungen/pressemeldung_1551957.de.html,zitat_fehlt,nein,ü3 quote 96 9 %,2026-10-04
essen-2025-010,https://www.essen.de/meldungen/pressemeldung_1564958.de.html,https://web.archive.org/web/20260519185805/https://www.essen.de/meldungen/pressemeldung_1564958.de.html,zitat_fehlt,nein,die tiegelschule soll ab dem schuljahr 2026 2027 genutzt werden,2026-10-04
essen-2025-011,https://www.essen.de/meldungen/pressemeldung_1564958.de.html,https://web.archive.org/web/20260519185805/https://www.essen.de/meldungen/pressemeldung_1564958.de.html,zitat_fehlt,nein,die neue schule an der ruhr in kettwig soll im 2 quartal 2027 fertiggestellt werden,2026-10-04
essen-2025-012,https://www.essen.de/meldungen/pressemeldung_1564958.de.html,https://web.archive.org/web/20260519185805/https://www.essen.de/meldungen/pressemeldung_1564958.de.html,zitat_fehlt,nein,neun geplante g9 erweiterungsbauten sollen ab dem schuljahr 2027 2028 nutzbar sein,2026-10-04
essen-2025-013,https://www.essen.de/meldungen/pressemeldung_1564958.de.html,https://web.archive.org/web/20260519185805/https://www.essen.de/meldungen/pressemeldung_1564958.de.html,zitat_fehlt,nein,die grundschule moltkestraße soll spätestens zum schuljahr 2027 2028 den betrieb aufnehmen,2026-10-04
essen-2025-014,https://www.essen.de/meldungen/pressemeldung_1575217.de.html,https://web.archive.org/web/20260610190648/https://www.essen.de/meldungen/pressemeldung_1575217.de.html,zitat_fehlt,nein,neubau der gesamtschule altenessen süd 137 mio 34 000 m² 1 300 schüler innen soll ende 2027 fertiggestellt sein,2026-10-04
essen-2025-015,https://www.essen.de/meldungen/pressemeldung_1575217.de.html,https://web.archive.org/web/20260610190648/https://www.essen.de/meldungen/pressemeldung_1575217.de.html,zitat_fehlt,nein,neubau der gesamtschule altenessen süd 137 mio 34 000 m² 1 300 schüler innen soll ende 2027 fertiggestellt sein,2026-10-04
essen-2025-016,https://www.essen.de/meldungen/pressemeldung_1575217.de.html,https://web.archive.org/web/20260610190648/https://www.essen.de/meldungen/pressemeldung_1575217.de.html,zitat_fehlt,nein,neubau der gesamtschule altenessen süd 137 mio 34 000 m² 1 300 schüler innen soll ende 2027 fertiggestellt sein,2026-10-04
essen-2025-017,https://www.essen.de/meldungen/pressemeldung_1575217.de.html,https://web.archive.org/web/20260610190648/https://www.essen.de/meldungen/pressemeldung_1575217.de.html,zitat_fehlt,nein,neubau der gesamtschule altenessen süd 137 mio 34 000 m² 1 300 schüler innen soll ende 2027 fertiggestellt sein,2026-10-04
essen-2025-018,https://www.essen.de/meldungen/pressemeldung_1577045.de.html,https://web.archive.org/web/20260521134449/https://www.essen.de/meldungen/pressemeldung_1577045.de.html,zitat_fehlt,nein,die gesamtschule altenessen süd startet bereits zum schuljahr 2026 2027 an einem interimsstandort karolingerstraße 93 mit vier klassen,2026-10-04
essen-2025-019,https://www.essen.de/meldungen/pressemeldung_1577045.de.html,https://web.archive.org/web/20260521134449/https://www.essen.de/meldungen/pressemeldung_1577045.de.html,ok,,,2026-10-04
essen-2025-020,https://www.ruhrbahn.de/essen/aktuelles/meldung/ruhrbahn-modernisiert-fahrzeugflotte-der-stadtbahnen,https://web.archive.org/web/20260616115305/https://www.ruhrbahn.de/essen/aktuelles/meldung/ruhrbahn-modernisiert-fahrzeugflotte-der-stadtbahnen,zitat_fehlt,nein,ruhrbahn erneuert für rund 150 mio ihre gesamte stadtbahn fahrzeugflotte,2026-10-04
essen-2025-021,https://www.ruhrbahn.de/essen/aktuelles/meldung/ruhrbahn-modernisiert-fahrzeugflotte-der-stadtbahnen,https://web.archive.org/web/20260616115305/https://www.ruhrbahn.de/essen/aktuelles/meldung/ruhrbahn-modernisiert-fahrzeugflotte-der-stadtbahnen,zitat_fehlt,nein,51 neue fahrzeuge 44 für essen 7 für mülheim bis 2026,2026-10-04
essen-2025-022,https://www.essen.de/e_magazin/emagazin_1578193.de.html,https://web.archive.org/web/20260315232553/https://www.essen.de/e_magazin/emagazin_1578193.de.html,zitat_fehlt,nein,essen 51 baubeginn 2026,2026-10-04
essen-2025-023,https://www.essen.de/e_magazin/emagazin_1578193.de.html,https://web.archive.org/web/20260315232553/https://www.essen.de/e_magazin/emagazin_1578193.de.html,zitat_fehlt,nein,erste wohnhäuser sollen 2027 fertiggestellt sein,2026-10-04
essen-2025-024,https://www.essen.de/meldungen/pressemeldung_1577033.de.html,https://web.archive.org/web/20260210002131/https://www.essen.de/meldungen/pressemeldung_1577033.de.html,zitat_fehlt,nein,für den geplanten rechenzentrums standort 150 mio investition 10 mw soll im 1 quartal 2026 die ratsentscheidung fallen,2026-10-04
essen-2025-025,https://www.essen.de/meldungen/pressemeldung_1552745.de.html,https://web.archive.org/web/20260612050139/https://www.essen.de/meldungen/pressemeldung_1552745.de.html,zitat_fehlt,nein,solarförderprogramm 2025 stellt rund 1 075 000 bereit,2026-10-04
essen-2025-026,https://www.essen.de/meldungen/pressemeldung_1580134.de.html,https://web.archive.org/web/20260519182406/https://www.essen.de/meldungen/pressemeldung_1580134.de.html,zitat_fehlt,nein,neues café am bauernhof im grugapark soll zur saison 2027 eröffnen,2026-10-04
essen-2025-027,https://www.essen.de/meldungen/pressemeldung_1545639.de.html,https://web.archive.org/web/20260416211457/https://www.essen.de/meldungen/pressemeldung_1545639.de.html,zitat_fehlt,nein,citybahn stufe 1 stationen betriebshof stadtmitte hollestraße essen hbf hindenburgstraße soll im sommer 2026 in betrieb gehen,2026-10-04
essen-2025-028,https://www.essen.de/meldungen/pressemeldung_1545639.de.html,https://web.archive.org/web/20260416211457/https://www.essen.de/meldungen/pressemeldung_1545639.de.html,zitat_fehlt,nein,citybahn stufe 2 neue stationen krupp park zeche amalie zollstraße umbau bergmühle soll 2027 fertig sein,2026-10-04
essen-2025-029,https://www.essen.de/meldungen/pressemeldung_1545639.de.html,https://web.archive.org/web/20260416211457/https://www.essen.de/meldungen/pressemeldung_1545639.de.html,zitat_fehlt,nein,das citybahn gesamtnetz inkl stufe 3 schwanenkampbrücke westendhof frohnhauser straße soll 2028 vollständig in betrieb sein,2026-10-04
essen-2025-030,https://www.essen.de/meldungen/pressemeldung_1571822.de.html,,kein_archiv,nein,,2026-10-04
essen-2025-031,https://www.essen.de/meldungen/pressemeldung_1571822.de.html,,kein_archiv,nein,,2026-10-04
essen-2025-032,https://www.essen.de/meldungen/pressemeldung_1571022.de.html,https://web.archive.org/web/20260607043743/https://essen.de/meldungen/pressemeldung_1571022.de.html,zitat_fehlt,nein,prognostiziertes jahresdefizit 2025 von rund 120 mio stand april 2025,2026-10-04
essen-2025-033,https://www.essen.de/meldungen/pressemeldung_1581432.de.html,https://web.archive.org/web/20251209081411/https://www.essen.de/meldungen/pressemeldung_1581432.de.html,zitat_fehlt,nein,einstellungsstopp der stadtverwaltung gilt bis 30 april 2026,2026-10-04
essen-2025-034,https://www.essen.de/meldungen/pressemeldung_1581432.de.html,https://web.archive.org/web/20251209081411/https://www.essen.de/meldungen/pressemeldung_1581432.de.html,zitat_fehlt,nein,defizit prognose über 123 mio stand september 2025,2026-10-04
essen-2026-035,https://ris.essen.de/sdnetrim/UGhVM0hpd2NXNFdFcExjZaHvGCEUDsHIKxjoQbUzpq5aF4ishL-LpYPf8xxjcbtX/Vorlage_1333-2026-OB.pdf,,kein_archiv,nein,,2026-10-04
essen-2026-036,https://ris.essen.de/sdnetrim/UGhVM0hpd2NXNFdFcExjZes2lF3Z2agr1zhY77EdQApdMnrAiCT6sZzyiy5TxAoK/Vorlage_1277-2026-6.pdf,,kein_archiv,nein,,2026-10-04
essen-2026-037,https://ris.essen.de/sdnetrim/UGhVM0hpd2NXNFdFcExjZbL9a8h2COOWBya8jkxRvJQ8vIH2ylIN81uPic9zqGkF/Vorlage_1067-2026-6.pdf,,kein_archiv,nein,,2026-10-04
essen-2026-038,https://ris.essen.de/sdnetrim/UGhVM0hpd2NXNFdFcExjZeREiZY2AXs498R7sRdRDs-rcDWT5rfED8eArl8UGs5q/Vorlage_1129-2026-6.pdf,,kein_archiv,nein,,2026-10-04
essen-2026-039,https://www.waz.de/lokales/essen/article412947235/start-bereits-ende-oktober-diese-stars-treten-beim-steeler-weihnachtsmarkt-auf.html,,kein_archiv,nein,,2026-10-04
gatekeeper-2026-001,https://s206.q4cdn.com/479360582/files/doc_events/2026/Jul/22/2026_Q2_Earnings_Transcript.pdf,https://web.archive.org/web/20260903091358/https://s206.q4cdn.com/479360582/files/doc_events/2026/Jul/22/2026_Q2_Earnings_Transcript.pdf,pdf_ok,,,2026-10-04
gatekeeper-2026-002,"https://www.googlecloudpresscorner.com/2025-11-11-Google-Announces-EUR5-5-Billion-Investment-in-Germany,-including-AI-Infrastructure,-through-2029","https://web.archive.org/web/20260814055000/https://www.googlecloudpresscorner.com/2025-11-11-Google-Announces-EUR5-5-Billion-Investment-in-Germany,-including-AI-Infrastructure,-through-2029",ok,,,2026-10-04
gatekeeper-2026-003,https://www.aboutamazon.eu/news/job-creation-and-investment/amazon-announces-plans-to-invest-more-than-15-billion-in-france-creating-more-than-7-000-permanent-jobs,https://web.archive.org/web/20261003193051/https://www.aboutamazon.eu/news/job-creation-and-investment/amazon-announces-plans-to-invest-more-than-15-billion-in-france-creating-more-than-7-000-permanent-jobs,ok,,,2026-10-04
gatekeeper-2026-004,https://www.apple.com/newsroom/2026/09/siri-ai-a-profoundly-more-capable-and-personal-assistant-is-here/,https://web.archive.org/web/20261003193147/https://www.apple.com/newsroom/2026/09/siri-ai-a-profoundly-more-capable-and-personal-assistant-is-here/,ok,,,2026-10-04
gatekeeper-2026-005,https://www.apple.com/environment/pdf/Apple_Environmental_Progress_Report_2026.pdf,https://web.archive.org/web/20260930082335/https://www.apple.com/environment/pdf/Apple_Environmental_Progress_Report_2026.pdf,pdf_ok,,,2026-10-04
gatekeeper-2026-006,https://s25.q4cdn.com/383369491/files/doc_news/2026/08/Q2-26-BKNG-Earnings-Release-Final.pdf,https://web.archive.org/web/20261003192939/https://s25.q4cdn.com/383369491/files/doc_news/2026/08/Q2-26-BKNG-Earnings-Release-Final.pdf,pdf_ok,,,2026-10-04
gatekeeper-2026-007,https://investor.atmeta.com/investor-news/press-release-details/2026/Meta-Reports-Second-Quarter-2026-Results/default.aspx,https://web.archive.org/web/20261002081450/https://investor.atmeta.com/investor-news/press-release-details/2026/Meta-Reports-Second-Quarter-2026-Results/default.aspx,ok,,,2026-10-04
gatekeeper-2026-008,https://investor.atmeta.com/investor-news/press-release-details/2026/Meta-Reports-Second-Quarter-2026-Results/default.aspx,https://web.archive.org/web/20261002081450/https://investor.atmeta.com/investor-news/press-release-details/2026/Meta-Reports-Second-Quarter-2026-Results/default.aspx,ok,,,2026-10-04
gatekeeper-2026-009,https://cdn-dynmedia-1.microsoft.com/is/content/microsoftcorp/TranscriptFY26Q4.docx,https://web.archive.org/web/20261003062602/https://cdn-dynmedia-1.microsoft.com/is/content/microsoftcorp/TranscriptFY26Q4.docx,zitat_fehlt,nein,at the company level with strong commercial momentum we continue to expect another fiscal year of double digit revenue and operating income growth,2026-10-04
gatekeeper-2026-010,https://www.microsoft.com/en-us/copilot/blog/2025/11/04/microsoft-offers-in-country-data-processing-to-15-countries-to-strengthen-sovereign-controls-for-microsoft-365-copilot/,https://web.archive.org/web/20261004001646/https://www.microsoft.com/en-us/copilot/blog/2025/11/04/microsoft-offers-in-country-data-processing-to-15-countries-to-strengthen-sovereign-controls-for-microsoft-365-copilot/,ok,,,2026-10-04
ki-2026-001,https://openai.com/index/introducing-stargate-uae/,https://web.archive.org/web/20260904171239/https://openai.com/index/introducing-stargate-uae/,ok,,,2026-10-04
ki-2026-002,https://openai.com/global-affairs/openai-for-germany/,https://web.archive.org/web/20261001135037/https://openai.com/global-affairs/openai-for-germany/,ok,,,2026-10-04
ki-2026-003,https://www.anthropic.com/news/claude-frontier-academy,https://web.archive.org/web/20261003211533/https://www.anthropic.com/news/claude-frontier-academy,ok,,,2026-10-04
ki-2026-004,https://www.anthropic.com/news/expanding-our-use-of-google-cloud-tpus-and-services,https://web.archive.org/web/20260925130514/https://www.anthropic.com/news/expanding-our-use-of-google-cloud-tpus-and-services,ok,,,2026-10-04
ki-2026-005,https://cohere.com/blog/cohere-and-aleph-alpha-sign-agreement,https://web.archive.org/web/20260929112650/https://cohere.com/blog/cohere-and-aleph-alpha-sign-agreement,ok,,,2026-10-04
ki-2026-006,https://aleph-alpha.com/news/cohere-vereinbarung-transatlantische-souveraene-ki/,https://web.archive.org/web/20261004000606/https://aleph-alpha.com/news/cohere-vereinbarung-transatlantische-souveraene-ki/,ok,,,2026-10-04
ki-2026-007,https://newsroom.ibm.com/2026-08-11-IBM-and-Together-AI-Sign-Multi-Year-Agreement-to-Scale-Open-Source-AI-Inference-with-NVIDIA-AI-Infrastructure-on-IBM-Cloud,https://web.archive.org/web/20260921044745/https://newsroom.ibm.com/2026-08-11-IBM-and-Together-AI-Sign-Multi-Year-Agreement-to-Scale-Open-Source-AI-Inference-with-NVIDIA-AI-Infrastructure-on-IBM-Cloud,ok,,,2026-10-04
ki-2026-008,"https://newsroom.ibm.com/2026-09-10-ibm,-lockheed-martin-announce-swiss-quantum-innovation-hub-at-eth-zurich,-anchored-by-switzerlands-first-ibm-quantum-computer","https://web.archive.org/web/20260920135352/https://newsroom.ibm.com/2026-09-10-ibm,-lockheed-martin-announce-swiss-quantum-innovation-hub-at-eth-zurich,-anchored-by-switzerlands-first-ibm-quantum-computer",ok,,,2026-10-04
ki-2026-009,https://s205.q4cdn.com/537566246/files/doc_news/ServiceNow-pledges-1-5bn-investment-into-UK-business-over-five-years-10-14-2024-traffic-2024.pdf,https://web.archive.org/web/20261004000719/https://s205.q4cdn.com/537566246/files/doc_news/ServiceNow-pledges-1-5bn-investment-into-UK-business-over-five-years-10-14-2024-traffic-2024.pdf,pdf_ok,,,2026-10-04
koeln-2025-001,https://www.stadt-koeln.de/politik-und-verwaltung/presse/mitteilungen/27942/index.html,https://web.archive.org/web/20251007031321/https://www.stadt-koeln.de/politik-und-verwaltung/presse/mitteilungen/27942/index.html,ok,,,2026-10-04
koeln-2025-002,https://www.stadt-koeln.de/politik-und-verwaltung/presse/mitteilungen/27942/index.html,https://web.archive.org/web/20251007031321/https://www.stadt-koeln.de/politik-und-verwaltung/presse/mitteilungen/27942/index.html,ok,,,2026-10-04
koeln-2025-003,https://www.stadt-koeln.de/politik-und-verwaltung/presse/mitteilungen/27942/index.html,https://web.archive.org/web/20251007031321/https://www.stadt-koeln.de/politik-und-verwaltung/presse/mitteilungen/27942/index.html,zitat_fehlt,nein,spielbetrieb am offenbachplatz im september 2026 eröffnungsfest 19 20 09 2026 festakt 24 09 2026,2026-10-04
koeln-2025-004,https://www.stadt-koeln.de/politik-und-verwaltung/presse/mitteilungen/27660/index.html,https://web.archive.org/web/20250709213409/https://www.stadt-koeln.de/politik-und-verwaltung/presse/mitteilungen/27660/index.html,zitat_fehlt,nein,am 15 september 2025 sollen die kvb linien 13 und 18 auf der brücke wieder in betrieb genommen werden,2026-10-04
koeln-2025-005,https://www.stadt-koeln.de/politik-und-verwaltung/presse/mitteilungen/28019/index.html,https://web.archive.org/web/20260815015824/https://www.stadt-koeln.de/politik-und-verwaltung/presse/mitteilungen/28019/index.html,zitat_fehlt,nein,fehlbetrag 2025 rund 582 millionen euro,2026-10-04
koeln-2025-006,https://www.stadt-koeln.de/politik-und-verwaltung/presse/mitteilungen/27083/index.html,https://web.archive.org/web/20250905024323/https://www.stadt-koeln.de/politik-und-verwaltung/presse/mitteilungen/27083/index.html,zitat_fehlt,nein,erwartet dadurch mehrerträge in höhe von 23 millionen euro,2026-10-04
koeln-2025-007,https://www.stadt-koeln.de/politik-und-verwaltung/presse/mitteilungen/27083/index.html,https://web.archive.org/web/20250905024323/https://www.stadt-koeln.de/politik-und-verwaltung/presse/mitteilungen/27083/index.html,ok,,,2026-10-04
koeln-2025-008,https://www.stadt-koeln.de/politik-und-verwaltung/presse/mitteilungen/27147/index.html,https://web.archive.org/web/20241209230305/https://www.stadt-koeln.de/politik-und-verwaltung/presse/mitteilungen/27147/index.html,zitat_fehlt,nein,planerisches defizit 2025 395 1 mio euro,2026-10-04
koeln-2025-009,https://www.stadt-koeln.de/politik-und-verwaltung/presse/mitteilungen/27147/index.html,https://web.archive.org/web/20241209230305/https://www.stadt-koeln.de/politik-und-verwaltung/presse/mitteilungen/27147/index.html,zitat_fehlt,nein,planerisches defizit 2026 439 7 mio euro,2026-10-04
koeln-2025-010,https://www.stadt-koeln.de/politik-und-verwaltung/presse/mitteilungen/27147/index.html,https://web.archive.org/web/20241209230305/https://www.stadt-koeln.de/politik-und-verwaltung/presse/mitteilungen/27147/index.html,zitat_fehlt,nein,gesamtaufwendungen 2026 6 69 mrd euro,2026-10-04
koeln-2025-011,https://www.stadt-koeln.de/politik-und-verwaltung/presse/mitteilungen/27147/index.html,https://web.archive.org/web/20241209230305/https://www.stadt-koeln.de/politik-und-verwaltung/presse/mitteilungen/27147/index.html,zitat_fehlt,nein,rund 1 4 milliarden euro bis 2029,2026-10-04
koeln-2025-012,https://www.stadt-koeln.de/politik-und-verwaltung/presse/mitteilungen/27147/index.html,https://web.archive.org/web/20241209230305/https://www.stadt-koeln.de/politik-und-verwaltung/presse/mitteilungen/27147/index.html,zitat_fehlt,nein,konsolidierungsmaßnahmen 93 5 mio euro 2025,2026-10-04
koeln-2025-013,https://www.stadt-koeln.de/politik-und-verwaltung/presse/mitteilungen/27147/index.html,https://web.archive.org/web/20241209230305/https://www.stadt-koeln.de/politik-und-verwaltung/presse/mitteilungen/27147/index.html,zitat_fehlt,nein,115 1 mio euro bis 2029,2026-10-04
koeln-2025-014,https://www.stadt-koeln.de/politik-und-verwaltung/presse/mitteilungen/27147/index.html,https://web.archive.org/web/20241209230305/https://www.stadt-koeln.de/politik-und-verwaltung/presse/mitteilungen/27147/index.html,zitat_fehlt,nein,für die ratssitzung im februar 2025 vorgesehen,2026-10-04
koeln-2025-015,https://www.stadt-koeln.de/politik-und-verwaltung/presse/mitteilungen/27462/index.html,https://web.archive.org/web/20260919122541/https://www.stadt-koeln.de/politik-und-verwaltung/presse/mitteilungen/27462/index.html,zitat_fehlt,nein,defizit 2025 399 34 mio euro,2026-10-04
koeln-2025-016,https://www.stadt-koeln.de/politik-und-verwaltung/presse/mitteilungen/27462/index.html,https://web.archive.org/web/20260919122541/https://www.stadt-koeln.de/politik-und-verwaltung/presse/mitteilungen/27462/index.html,zitat_fehlt,nein,2026 443 80 mio euro,2026-10-04
koeln-2025-017,https://www.stadt-koeln.de/politik-und-verwaltung/presse/mitteilungen/27462/index.html,https://web.archive.org/web/20260919122541/https://www.stadt-koeln.de/politik-und-verwaltung/presse/mitteilungen/27462/index.html,zitat_fehlt,nein,globaler minderaufwand 45 0 mio euro in 2026,2026-10-04
koeln-2025-018,https://www.stadt-koeln.de/politik-und-verwaltung/presse/mitteilungen/27462/index.html,https://web.archive.org/web/20260919122541/https://www.stadt-koeln.de/politik-und-verwaltung/presse/mitteilungen/27462/index.html,zitat_fehlt,nein,ab 2027 ansteigend bis zu 135 0 millionen euro,2026-10-04
koeln-2025-019,https://www.stadt-koeln.de/politik-und-verwaltung/presse/mitteilungen/28110/index.html,https://web.archive.org/web/20260116025220/https://www.stadt-koeln.de/politik-und-verwaltung/presse/mitteilungen/28110/index.html,ok,,,2026-10-04
koeln-2025-020,https://www.stadt-koeln.de/politik-und-verwaltung/presse/mitteilungen/28110/index.html,https://web.archive.org/web/20260116025220/https://www.stadt-koeln.de/politik-und-verwaltung/presse/mitteilungen/28110/index.html,ok,,,2026-10-04
koeln-2025-021,https://www.stadt-koeln.de/politik-und-verwaltung/presse/mitteilungen/28110/index.html,https://web.archive.org/web/20260116025220/https://www.stadt-koeln.de/politik-und-verwaltung/presse/mitteilungen/28110/index.html,ok,,,2026-10-04
koeln-2025-022,https://www.stadt-koeln.de/politik-und-verwaltung/presse/mitteilungen/28110/index.html,https://web.archive.org/web/20260116025220/https://www.stadt-koeln.de/politik-und-verwaltung/presse/mitteilungen/28110/index.html,ok,,,2026-10-04
koeln-2025-023,https://www.stadt-koeln.de/politik-und-verwaltung/presseservice/bauliche-fertigstellung-bis-ende-2025,https://web.archive.org/web/20250815055537/https://www.stadt-koeln.de/politik-und-verwaltung/presseservice/bauliche-fertigstellung-bis-ende-2025,zitat_fehlt,nein,bauliche fertigstellung ende 2 halbjahr 2025,2026-10-04
koeln-2025-024,https://www.stadt-koeln.de/politik-und-verwaltung/presseservice/bauliche-fertigstellung-bis-ende-2025,https://web.archive.org/web/20250815055537/https://www.stadt-koeln.de/politik-und-verwaltung/presseservice/bauliche-fertigstellung-bis-ende-2025,zitat_fehlt,nein,baukosten 798 mio euro ziel unter 800 mio,2026-10-04
koeln-2025-025,https://www.stadt-koeln.de/politik-und-verwaltung/presse/mitteilungen/27660/index.html,https://web.archive.org/web/20250709213409/https://www.stadt-koeln.de/politik-und-verwaltung/presse/mitteilungen/27660/index.html,zitat_fehlt,nein,südseite fertig bis ende märz 2026,2026-10-04
koeln-2025-026,https://www.stadt-koeln.de/politik-und-verwaltung/presse/mitteilungen/27660/index.html,https://web.archive.org/web/20250709213409/https://www.stadt-koeln.de/politik-und-verwaltung/presse/mitteilungen/27660/index.html,zitat_fehlt,nein,verkehrsfreigabe nach gesamtinstandsetzung ende märz 2028,2026-10-04
koeln-2025-027,https://www.stadt-koeln.de/politik-und-verwaltung/presse/mitteilungen/27660/index.html,https://web.archive.org/web/20250709213409/https://www.stadt-koeln.de/politik-und-verwaltung/presse/mitteilungen/27660/index.html,zitat_fehlt,nein,gesamtkosten 498 182 000 euro brutto,2026-10-04
koeln-2025-028,https://koeln.t-online.de/region/koeln/id_100469986/koeln-stadt-braucht-3000-neue-plaetze-fuer-gefluechtete-bis-juli-2025.html,https://web.archive.org/web/20251107131751/https://koeln.t-online.de/region/koeln/id_100469986/koeln-stadt-braucht-3000-neue-plaetze-fuer-gefluechtete-bis-juli-2025.html,ok,,,2026-10-04
koeln-2025-029,https://koeln.t-online.de/region/koeln/id_100469986/koeln-stadt-braucht-3000-neue-plaetze-fuer-gefluechtete-bis-juli-2025.html,https://web.archive.org/web/20251107131751/https://koeln.t-online.de/region/koeln/id_100469986/koeln-stadt-braucht-3000-neue-plaetze-fuer-gefluechtete-bis-juli-2025.html,ok,,,2026-10-04
koeln-2025-030,https://koeln.t-online.de/region/koeln/id_100469986/koeln-stadt-braucht-3000-neue-plaetze-fuer-gefluechtete-bis-juli-2025.html,https://web.archive.org/web/20251107131751/https://koeln.t-online.de/region/koeln/id_100469986/koeln-stadt-braucht-3000-neue-plaetze-fuer-gefluechtete-bis-juli-2025.html,ok,,,2026-10-04
koeln-2025-031,https://www.stadt-koeln.de/politik-und-verwaltung/presse/mitteilungen/26928/index.html,https://web.archive.org/web/20261004000831/https://www.stadt-koeln.de/politik-und-verwaltung/presse/mitteilungen/26928/index.html,ok,,,2026-10-04
koeln-2025-032,https://www.stadt-koeln.de/politik-und-verwaltung/presse/mitteilungen/26928/index.html,,kein_archiv,nein,,2026-10-04
koeln-2025-033,https://www.stadt-koeln.de/politik-und-verwaltung/presse/mitteilungen/27107/index.html,https://web.archive.org/web/20241028154646/https://www.stadt-koeln.de/politik-und-verwaltung/presse/mitteilungen/27107/index.html,zitat_fehlt,nein,fünf weitere kindertageseinrichtungen,2026-10-04
koeln-2025-034,https://www.stadt-koeln.de/politik-und-verwaltung/presse/mitteilungen/27107/index.html,https://web.archive.org/web/20241028154646/https://www.stadt-koeln.de/politik-und-verwaltung/presse/mitteilungen/27107/index.html,ok,,,2026-10-04
koeln-2025-035,https://www.stadt-koeln.de/politik-und-verwaltung/presse/mitteilungen/27107/index.html,https://web.archive.org/web/20241028154646/https://www.stadt-koeln.de/politik-und-verwaltung/presse/mitteilungen/27107/index.html,zitat_fehlt,nein,auf 15 016 für unter dreijährige kinder,2026-10-04
koeln-2025-036,https://www.stadt-koeln.de/politik-und-verwaltung/presse/mitteilungen/27107/index.html,https://web.archive.org/web/20241028154646/https://www.stadt-koeln.de/politik-und-verwaltung/presse/mitteilungen/27107/index.html,zitat_fehlt,nein,32 413 für über dreijährige kinder,2026-10-04
koeln-2025-037,https://www.stadt-koeln.de/politik-und-verwaltung/presseservice/erschliessungsvertrag-fuer-den-deutzer-hafen,https://web.archive.org/web/20250325050403/https://www.stadt-koeln.de/politik-und-verwaltung/presseservice/erschliessungsvertrag-fuer-den-deutzer-hafen,zitat_fehlt,nein,ab herbst 2025 können laut plan die ersten bauarbeiten beginnen,2026-10-04
koeln-2025-038,https://www.stadt-koeln.de/politik-und-verwaltung/presse/mitteilungen/27227/index.html,https://web.archive.org/web/20250121174907/https://www.stadt-koeln.de/politik-und-verwaltung/presse/mitteilungen/27227/index.html,ok,,,2026-10-04
koeln-2025-039,https://www.stadt-koeln.de/politik-und-verwaltung/presse/mitteilungen/27064/index.html,https://web.archive.org/web/20250811040237/https://www.stadt-koeln.de/politik-und-verwaltung/presse/mitteilungen/27064/index.html,zitat_fehlt,nein,beendigung des großmarkts zum 31 dezember 2025,2026-10-04
koeln-2025-040,https://www.stadt-koeln.de/politik-und-verwaltung/presse/mitteilungen/27064/index.html,https://web.archive.org/web/20250811040237/https://www.stadt-koeln.de/politik-und-verwaltung/presse/mitteilungen/27064/index.html,zitat_fehlt,nein,ab dem 1 januar 2026 voll einsatzfähig,2026-10-04
koeln-2025-041,https://www.stadt-koeln.de/politik-und-verwaltung/presse/mitteilungen/27301/index.html,https://web.archive.org/web/20250211052414/https://www.stadt-koeln.de/politik-und-verwaltung/presse/mitteilungen/27301/index.html,zitat_fehlt,nein,planungsbeginn voraussichtlich im zweiten quartal 2025,2026-10-04
koeln-2025-042,https://www.stadt-koeln.de/politik-und-verwaltung/presse/mitteilungen/27301/index.html,https://web.archive.org/web/20250211052414/https://www.stadt-koeln.de/politik-und-verwaltung/presse/mitteilungen/27301/index.html,zitat_fehlt,nein,fertigstellung der vorentwurfsplanung wird für anfang 2026 avisiert,2026-10-04
koeln-2025-043,https://www.stadt-koeln.de/politik-und-verwaltung/presse/mitteilungen/27435/index.html,https://web.archive.org/web/20250322113905/https://www.stadt-koeln.de/politik-und-verwaltung/presse/mitteilungen/27435/index.html,zitat_fehlt,nein,gu beauftragung 3 quartal 2025,2026-10-04
koeln-2025-044,https://www.stadt-koeln.de/politik-und-verwaltung/presse/mitteilungen/27435/index.html,https://web.archive.org/web/20250322113905/https://www.stadt-koeln.de/politik-und-verwaltung/presse/mitteilungen/27435/index.html,zitat_fehlt,nein,der baubeginn ist für das erste quartal 2026 terminiert,2026-10-04
koeln-2025-045,https://www.stadt-koeln.de/politik-und-verwaltung/presse/mitteilungen/27435/index.html,https://web.archive.org/web/20250322113905/https://www.stadt-koeln.de/politik-und-verwaltung/presse/mitteilungen/27435/index.html,zitat_fehlt,nein,gesamtkosten rund 177 millionen euro brutto,2026-10-04
koeln-2025-046,https://www.stadt-koeln.de/politik-und-verwaltung/presse/mitteilungen/27435/index.html,https://web.archive.org/web/20250322113905/https://www.stadt-koeln.de/politik-und-verwaltung/presse/mitteilungen/27435/index.html,zitat_fehlt,nein,fertigstellung inbetriebnahme im dritten quartal 2029,2026-10-04
koeln-2025-047,https://www.stadt-koeln.de/politik-und-verwaltung/presse/mitteilungen/27649/index.html,,kein_archiv,nein,,2026-10-04
koeln-2025-048,https://www.stadt-koeln.de/politik-und-verwaltung/presse/mitteilungen/27649/index.html,,kein_archiv,nein,,2026-10-04
koeln-2025-049,https://www.stadt-koeln.de/politik-und-verwaltung/presse/mitteilungen/27299/index.html,https://web.archive.org/web/20250130040150/https://www.stadt-koeln.de/politik-und-verwaltung/presse/mitteilungen/27299/index.html,zitat_fehlt,nein,ab der pflanzperiode 2025 26 werden 500 weitere neue straßenbäume aus den straßenbaumkonzepten gleichmäßig über die stadtbezirke verteilt gepflanzt,2026-10-04
koeln-2025-050,https://www.stadt-koeln.de/politik-und-verwaltung/presse/mitteilungen/27854/index.html,,kein_archiv,nein,,2026-10-04
koeln-2025-051,https://www.stadt-koeln.de/politik-und-verwaltung/presse/mitteilungen/27294/index.html,https://web.archive.org/web/20260616022923/https://www.stadt-koeln.de/politik-und-verwaltung/presse/mitteilungen/27294/index.html,ok,,,2026-10-04
koeln-2025-052,https://www.stadt-koeln.de/politik-und-verwaltung/presse/mitteilungen/27294/index.html,https://web.archive.org/web/20260616022923/https://www.stadt-koeln.de/politik-und-verwaltung/presse/mitteilungen/27294/index.html,zitat_fehlt,nein,kosten rund 21 8 millionen euro,2026-10-04
koeln-2025-053,https://www.stadt-koeln.de/politik-und-verwaltung/presse/mitteilungen/27294/index.html,https://web.archive.org/web/20260616022923/https://www.stadt-koeln.de/politik-und-verwaltung/presse/mitteilungen/27294/index.html,zitat_fehlt,nein,turnhalle 2028 29,2026-10-04
koeln-2025-054,https://www.stadt-koeln.de/politik-und-verwaltung/presse/mitteilungen/27294/index.html,https://web.archive.org/web/20260616022923/https://www.stadt-koeln.de/politik-und-verwaltung/presse/mitteilungen/27294/index.html,zitat_fehlt,nein,neubau rondorf nordwest bis zum schuljahr 2028 29,2026-10-04
koeln-2025-055,https://www.stadt-koeln.de/politik-und-verwaltung/presse/mitteilungen/27733/index.html,https://web.archive.org/web/20250804185012/https://www.stadt-koeln.de/politik-und-verwaltung/presse/mitteilungen/27733/index.html,zitat_fehlt,nein,hauptschule großer griechenmarkt 6 9 mio euro zwei holzmodulbauten,2026-10-04
koeln-2025-056,https://www.stadt-koeln.de/politik-und-verwaltung/presse/mitteilungen/27733/index.html,https://web.archive.org/web/20250804185012/https://www.stadt-koeln.de/politik-und-verwaltung/presse/mitteilungen/27733/index.html,zitat_fehlt,nein,kgs horststraße rund 25 64 millionen euro,2026-10-04
koeln-2025-057,https://www.stadt-koeln.de/politik-und-verwaltung/presse/mitteilungen/27733/index.html,https://web.archive.org/web/20250804185012/https://www.stadt-koeln.de/politik-und-verwaltung/presse/mitteilungen/27733/index.html,zitat_fehlt,nein,schulzentrum hardtgenbuscher kirchweg rund 62 9 millionen euro,2026-10-04
koeln-2025-058,https://www.stadt-koeln.de/politik-und-verwaltung/presse/mitteilungen/27733/index.html,https://web.archive.org/web/20250804185012/https://www.stadt-koeln.de/politik-und-verwaltung/presse/mitteilungen/27733/index.html,zitat_fehlt,nein,4 520 touchscreens bis zu 20 246 080 00 euro netto,2026-10-04
koeln-2025-059,https://www.stadt-koeln.de/politik-und-verwaltung/presse/mitteilungen/28018/index.html,https://web.archive.org/web/20251118123509/https://www.stadt-koeln.de/politik-und-verwaltung/presse/mitteilungen/28018/index.html,zitat_fehlt,nein,beauftragung hauptmaßnahme im zweiten quartal 2026,2026-10-04
koeln-2025-060,https://www.stadt-koeln.de/politik-und-verwaltung/presse/mitteilungen/28018/index.html,https://web.archive.org/web/20251118123509/https://www.stadt-koeln.de/politik-und-verwaltung/presse/mitteilungen/28018/index.html,zitat_fehlt,nein,übergangsschule für das frühjahr 2027 geplant,2026-10-04
koeln-2025-061,https://www.stadt-koeln.de/politik-und-verwaltung/presse/mitteilungen/28018/index.html,https://web.archive.org/web/20251118123509/https://www.stadt-koeln.de/politik-und-verwaltung/presse/mitteilungen/28018/index.html,zitat_fehlt,nein,neubauten und sanierung bis zum sommer 2030,2026-10-04
koeln-2025-062,https://www.stadt-koeln.de/politik-und-verwaltung/presseservice/baubeginn-fuer-interim-der-europaschule-startet,https://web.archive.org/web/20251205122100/https://www.stadt-koeln.de/politik-und-verwaltung/presseservice/baubeginn-fuer-interim-der-europaschule-startet,ok,,,2026-10-04
koeln-2025-063,https://www.stadt-koeln.de/politik-und-verwaltung/presseservice/baubeginn-fuer-interim-der-europaschule-startet,https://web.archive.org/web/20251205122100/https://www.stadt-koeln.de/politik-und-verwaltung/presseservice/baubeginn-fuer-interim-der-europaschule-startet,zitat_fehlt,nein,platz für rund 1 300 schüler innen,2026-10-04
koeln-2025-064,https://www.stadt-koeln.de/politik-und-verwaltung/presseservice/baubeginn-fuer-interim-der-europaschule-startet,https://web.archive.org/web/20251205122100/https://www.stadt-koeln.de/politik-und-verwaltung/presseservice/baubeginn-fuer-interim-der-europaschule-startet,zitat_fehlt,nein,19 579 m² bgf,2026-10-04
koeln-2025-065,https://www.stadt-koeln.de/artikel/73902/index.html,https://web.archive.org/web/20261004000936/https://www.stadt-koeln.de/artikel/73902/index.html,ok,,,2026-10-04
koeln-2025-066,https://www.stadt-koeln.de/artikel/73902/index.html,https://web.archive.org/web/20251118153907/https://www.stadt-koeln.de/artikel/73902/index.html,zitat_fehlt,nein,gesamtschule spätestens zum beginn des schuljahres 2030 2031,2026-10-04
koeln-2025-067,https://www.stadt-koeln.de/artikel/73902/index.html,https://web.archive.org/web/20251118153907/https://www.stadt-koeln.de/artikel/73902/index.html,zitat_fehlt,nein,bauabschluss voraussichtlich ende 2029,2026-10-04
koeln-2025-068,https://www.stadt-koeln.de/politik-und-verwaltung/presse/mitteilungen/28022/index.html,https://web.archive.org/web/20251213181709/https://www.stadt-koeln.de/politik-und-verwaltung/presse/mitteilungen/28022/index.html,ok,,,2026-10-04
koeln-2025-069,https://www.stadt-koeln.de/politik-und-verwaltung/presse/mitteilungen/28022/index.html,https://web.archive.org/web/20251213181709/https://www.stadt-koeln.de/politik-und-verwaltung/presse/mitteilungen/28022/index.html,zitat_fehlt,nein,bis 30 juni 2026 eine wärmeplanung zu erstellen,2026-10-04
koeln-2025-077,https://www.stadt-koeln.de/politik-und-verwaltung/presse/mitteilungen/27942/index.html,https://web.archive.org/web/20251007031321/https://www.stadt-koeln.de/politik-und-verwaltung/presse/mitteilungen/27942/index.html,ok,,,2026-10-04
koeln-2025-078,https://www.stadt-koeln.de/politik-und-verwaltung/presse/mitteilungen/27942/index.html,https://web.archive.org/web/20251007031321/https://www.stadt-koeln.de/politik-und-verwaltung/presse/mitteilungen/27942/index.html,ok,,,2026-10-04
koeln-2025-079,https://www.stadt-koeln.de/politik-und-verwaltung/presse/mitteilungen/27660/index.html,https://web.archive.org/web/20250709213409/https://www.stadt-koeln.de/politik-und-verwaltung/presse/mitteilungen/27660/index.html,zitat_fehlt,nein,am 15 september 2025 sollen die kvb linien 13 und 18 auf der brücke wieder in betrieb genommen werden,2026-10-04
koeln-2026-070,https://www.stadt-koeln.de/politik-und-verwaltung/presseservice/kulturtermine-des-monats-september-2026,https://web.archive.org/web/20260819000811/https://www.stadt-koeln.de/politik-und-verwaltung/presseservice/kulturtermine-des-monats-september-2026,zitat_fehlt,nein,kostenfreies eröffnungsfest der wiedereröffneten bühnen köln am offenbachplatz 19 20 september 2026,2026-10-04
koeln-2026-071,https://www.stadt-koeln.de/politik-und-verwaltung/presseservice/kulturtermine-des-monats-september-2026,https://web.archive.org/web/20260819000811/https://www.stadt-koeln.de/politik-und-verwaltung/presseservice/kulturtermine-des-monats-september-2026,zitat_fehlt,nein,schauspiel köln eröffnet das sanierte schauspielhaus mit der uraufführung in bester lage am 25 september 2026,2026-10-04
koeln-2026-072,https://www.stadt-koeln.de/politik-und-verwaltung/presseservice/kulturtermine-des-monats-september-2026,https://web.archive.org/web/20260819000811/https://www.stadt-koeln.de/politik-und-verwaltung/presseservice/kulturtermine-des-monats-september-2026,zitat_fehlt,nein,oper köln eröffnet das sanierte opernhaus mit der rosenkavalier als eröffnungspremiere am 27 september 2026,2026-10-04
koeln-2026-073,https://www.stadt-koeln.de/politik-und-verwaltung/presseservice/kulturtermine-des-monats-september-2026,https://web.archive.org/web/20260819000811/https://www.stadt-koeln.de/politik-und-verwaltung/presseservice/kulturtermine-des-monats-september-2026,zitat_fehlt,nein,rautenstrauch joest museum eröffnet die ausstellung r e t u r n am 16 september 2026 19 uhr,2026-10-04
koeln-2026-074,https://www.stadt-koeln.de/politik-und-verwaltung/presseservice/wahl-der-seniorenvertretung-2026,https://web.archive.org/web/20260806120240/https://www.stadt-koeln.de/politik-und-verwaltung/presseservice/wahl-der-seniorenvertretung-2026,zitat_fehlt,nein,bewerbungsfrist für die wahl der seniorenvertretung endet am 2 oktober 2026 briefwahl endet am 23 november 2026,2026-10-04
koeln-2026-075,https://www.stadt-koeln.de/politik-und-verwaltung/presseservice/baustellen-den-stadtteilen-128,,kein_archiv,nein,,2026-10-04
koeln-2026-076,https://www.stadt-koeln.de/politik-und-verwaltung/presseservice/aus-aemtern-und-stadtbezirken-458,,kein_archiv,nein,,2026-10-04
koeln-2026-077,https://www.stadt-koeln.de/mediaasset/content/pdf20/4_hpl_2025_2026_band_3.pdf,https://web.archive.org/web/20260908145246/https://www.stadt-koeln.de/mediaasset/content/pdf20/4_hpl_2025_2026_band_3.pdf,zitat_fehlt,nein,plan 2025 20 00 plan 2026 20 00,2026-10-04
koeln-2026-078,https://www.stadt-koeln.de/mediaasset/content/pdf20/4_hpl_2025_2026_band_3.pdf,https://web.archive.org/web/20260908145246/https://www.stadt-koeln.de/mediaasset/content/pdf20/4_hpl_2025_2026_band_3.pdf,zitat_fehlt,nein,plan 2025 20 00 plan 2026 20 00,2026-10-04
koeln-2026-079,https://www.stadt-koeln.de/mediaasset/content/pdf20/4_hpl_2025_2026_band_3.pdf,https://web.archive.org/web/20260908145246/https://www.stadt-koeln.de/mediaasset/content/pdf20/4_hpl_2025_2026_band_3.pdf,zitat_fehlt,nein,plan 2025 20 00 plan 2026 20 00,2026-10-04
koeln-2026-080,https://www.stadt-koeln.de/mediaasset/content/pdf20/4_hpl_2025_2026_band_3.pdf,https://web.archive.org/web/20260908145246/https://www.stadt-koeln.de/mediaasset/content/pdf20/4_hpl_2025_2026_band_3.pdf,zitat_fehlt,nein,plan 2025 20 00 plan 2026 20 00,2026-10-04
koeln-2026-081,https://www.stadt-koeln.de/mediaasset/content/pdf20/4_hpl_2025_2026_band_3.pdf,https://web.archive.org/web/20260908145246/https://www.stadt-koeln.de/mediaasset/content/pdf20/4_hpl_2025_2026_band_3.pdf,zitat_fehlt,nein,plan 2025 20 00 plan 2026 20 00,2026-10-04
koeln-2026-082,https://www.stadt-koeln.de/mediaasset/content/pdf20/4_hpl_2025_2026_band_3.pdf,https://web.archive.org/web/20260908145246/https://www.stadt-koeln.de/mediaasset/content/pdf20/4_hpl_2025_2026_band_3.pdf,zitat_fehlt,nein,plan 2025 20 00 plan 2026 20 00,2026-10-04
koeln-2026-083,https://sanierung.buehnen.koeln/de/fakten,https://web.archive.org/web/20261001183001/https://sanierung.buehnen.koeln/de/fakten,ok,,,2026-10-04
nrw-2026-001,https://www.land.nrw/pressemitteilung/land-investiert-2026-rekordsumme-ausbau-und-sicherheit-des-radverkehrs,https://web.archive.org/web/20260515164106/https://www.land.nrw/pressemitteilung/land-investiert-2026-rekordsumme-ausbau-und-sicherheit-des-radverkehrs,ok,,,2026-10-04
nrw-2026-002,https://www.land.nrw/pressemitteilung/landesregierung-entlastet-buergerinnen-und-buerger-kommunen-und-unternehmen,https://web.archive.org/web/20260906173432/https://www.land.nrw/pressemitteilung/landesregierung-entlastet-buergerinnen-und-buerger-kommunen-und-unternehmen,ok,,,2026-10-04
nrw-2026-003,https://www.land.nrw/pressemitteilung/neue-klinik-fuer-forensische-psychiatrie-wuppertal-ronsdorf-bauarbeiten-starten,https://web.archive.org/web/20260611072209/https://www.land.nrw/pressemitteilung/neue-klinik-fuer-forensische-psychiatrie-wuppertal-ronsdorf-bauarbeiten-starten,ok,,,2026-10-04
nrw-2026-004,https://www.land.nrw/pressemitteilung/neue-klinik-fuer-forensische-psychiatrie-wuppertal-ronsdorf-bauarbeiten-starten,https://web.archive.org/web/20260611072209/https://www.land.nrw/pressemitteilung/neue-klinik-fuer-forensische-psychiatrie-wuppertal-ronsdorf-bauarbeiten-starten,ok,,,2026-10-04
nrw-2026-005,https://www.land.nrw/pressemitteilung/landesregierung-bringt-gesetz-zur-modernisierung-des-oeffentlichen-dienstes-den,https://web.archive.org/web/20261004001048/https://www.land.nrw/pressemitteilung/landesregierung-bringt-gesetz-zur-modernisierung-des-oeffentlichen-dienstes-den,ok,,,2026-10-04
nrw-2026-006,https://www.land.nrw/pressemitteilung/kabinett-bringt-haushaltsplanentwurf-2027-auf-den-weg-nordrhein-westfalen-staerkt,https://web.archive.org/web/20261004001143/https://www.land.nrw/pressemitteilung/kabinett-bringt-haushaltsplanentwurf-2027-auf-den-weg-nordrhein-westfalen-staerkt,ok,,,2026-10-04
nrw-2026-007,https://www.land.nrw/pressemitteilung/kabinett-bringt-haushaltsplanentwurf-2027-auf-den-weg-nordrhein-westfalen-staerkt,https://web.archive.org/web/20261004001143/https://www.land.nrw/pressemitteilung/kabinett-bringt-haushaltsplanentwurf-2027-auf-den-weg-nordrhein-westfalen-staerkt,ok,,,2026-10-04
nrw-2026-008,https://www.land.nrw/pressemitteilung/land-nordrhein-westfalen-richtet-besoldungsrecht-strukturell-neu-aus,https://web.archive.org/web/20261004001249/https://www.land.nrw/pressemitteilung/land-nordrhein-westfalen-richtet-besoldungsrecht-strukturell-neu-aus,ok,,,2026-10-04
nrw-2026-009,https://www.land.nrw/pressemitteilung/neue-greentech-leitmesse-im-rheinischen-revier,https://web.archive.org/web/20261004001332/https://www.land.nrw/pressemitteilung/neue-greentech-leitmesse-im-rheinischen-revier,ok,,,2026-10-04
nrw-2026-010,https://www.land.nrw/pressemitteilung/nach-rueckkehr-von-g8-zu-g9-nordrhein-westfalen-bestehen-rund-27000-schuelerinnen,https://web.archive.org/web/20261004001417/https://www.land.nrw/pressemitteilung/nach-rueckkehr-von-g8-zu-g9-nordrhein-westfalen-bestehen-rund-27000-schuelerinnen,ok,,,2026-10-04
nrw-2026-011,https://www.land.nrw/pressemitteilung/fuenftes-abiturfach-neue-pruefungsformate-und-ein-klares-profil-nordrhein,https://web.archive.org/web/20261004001507/https://www.land.nrw/pressemitteilung/fuenftes-abiturfach-neue-pruefungsformate-und-ein-klares-profil-nordrhein,ok,,,2026-10-04
weitsicht-2026-001,https://github.com/Felix3c/festgehalten/blob/master/buecher/weitsicht/docs/ARBEITSPAPIER.md,https://web.archive.org/web/20260920084730/https://github.com/Felix3c/festgehalten/blob/master/buecher/weitsicht/docs/ARBEITSPAPIER.md,ok,,,2026-10-04
weitsicht-2026-002,https://github.com/Felix3c/festgehalten/blob/master/buecher/weitsicht/docs/ARBEITSPAPIER.md,https://web.archive.org/web/20260920084730/https://github.com/Felix3c/festgehalten/blob/master/buecher/weitsicht/docs/ARBEITSPAPIER.md,ok,,,2026-10-04
weitsicht-2026-003,https://github.com/Felix3c/festgehalten/blob/master/buecher/weitsicht/docs/ARBEITSPAPIER.md,https://web.archive.org/web/20260920084730/https://github.com/Felix3c/festgehalten/blob/master/buecher/weitsicht/docs/ARBEITSPAPIER.md,ok,,,2026-10-04
weitsicht-2026-004,https://github.com/Felix3c/festgehalten/blob/master/buecher/weitsicht/docs/ARBEITSPAPIER.md,https://web.archive.org/web/20260920084730/https://github.com/Felix3c/festgehalten/blob/master/buecher/weitsicht/docs/ARBEITSPAPIER.md,ok,,,2026-10-04
weitsicht-2026-005,https://github.com/Felix3c/festgehalten/blob/master/buecher/weitsicht/docs/ARBEITSPAPIER.md,https://web.archive.org/web/20260920084730/https://github.com/Felix3c/festgehalten/blob/master/buecher/weitsicht/docs/ARBEITSPAPIER.md,ok,,,2026-10-04
weitsicht-2026-006,https://github.com/Felix3c/festgehalten/blob/master/buecher/weitsicht/docs/ARBEITSPAPIER.md,https://web.archive.org/web/20260920084730/https://github.com/Felix3c/festgehalten/blob/master/buecher/weitsicht/docs/ARBEITSPAPIER.md,ok,,,2026-10-04
weitsicht-2026-007,https://github.com/Felix3c/festgehalten/blob/master/buecher/weitsicht/docs/ARBEITSPAPIER.md,https://web.archive.org/web/20260920084730/https://github.com/Felix3c/festgehalten/blob/master/buecher/weitsicht/docs/ARBEITSPAPIER.md,ok,,,2026-10-04
weitsicht-2026-008,https://github.com/Felix3c/festgehalten/blob/master/buecher/weitsicht/docs/ARBEITSPAPIER.md,https://web.archive.org/web/20260920084730/https://github.com/Felix3c/festgehalten/blob/master/buecher/weitsicht/docs/ARBEITSPAPIER.md,ok,,,2026-10-04
