id,archiv,zitat,wortlaut,deckung,zahlen_fehlen,zahl_nicht_auf_seite,bewertung
bonn-2025-001,https://web.archive.org/web/20250420215117/https://www.bonn.de/pressemitteilungen/maerz/stadtrat-beschliesst-haushalt-2025-26-ausgewogenes-paket.php,"Der Stadtrat hat den Haushalt 2025/2026 beschlossen; für 2025 weist der Haushaltsplan ein Defizit von 97,0 Millionen Euro aus.","Damit endet ein mehrmonatiger Prozess der Konsolidierung der Haushaltsplanentwurfsfassung. Der Gesamtbetrag der Aufwendungen im Doppelhaushalt 2025/26 umfasst ca. 1,8 (Planjahr 2025) bzw. 1,9 Milliarden Euro (Planjahr 2026). Gegenüber dem Planungsstand im vergangenen Jahr sieht der nun beschlossene Haushalt Einsparungen in Höhe von rund 445 Millionen Euro in den kommenden fünf Jahren (bis 2029) vor.",0.47,0 97,"97,0",kein_treffer
bonn-2025-002,https://web.archive.org/web/20250420215117/https://www.bonn.de/pressemitteilungen/maerz/stadtrat-beschliesst-haushalt-2025-26-ausgewogenes-paket.php,"Für das Haushaltsjahr 2026 sieht der beschlossene Haushalt ein Defizit von 123,0 Millionen Euro vor.","Damit endet ein mehrmonatiger Prozess der Konsolidierung der Haushaltsplanentwurfsfassung. Der Gesamtbetrag der Aufwendungen im Doppelhaushalt 2025/26 umfasst ca. 1,8 (Planjahr 2025) bzw. 1,9 Milliarden Euro (Planjahr 2026). Gegenüber dem Planungsstand im vergangenen Jahr sieht der nun beschlossene Haushalt Einsparungen in Höhe von rund 445 Millionen Euro in den kommenden fünf Jahren (bis 2029) vor.",0.62,0 123,"123,0",zahl_abweichend
bonn-2025-003,https://web.archive.org/web/20250327230932/https://www.bonn.de/pressemitteilungen/juni-2024/doppelhaushalt-2025-2026-entwurf-ohne-steuererhoehungen.php,"Der erste Entwurf des Doppelhaushalts weist für 2027 ein Defizit von 180 Millionen Euro aus, vor Beginn der politischen Konsolidierungsberatungen.","Allerdings weist der Haushaltsentwurf in jedem der beiden Jahre ein deutliches Minus auf, und für die kommenden Jahre zeichnen sich derzeit durchgängige Haushaltsdefizite im dreistelligen Millionenbereich ab, was über die Jahre weiterhin einen Vermögensverzehr nach sich ziehen würde. Konkret geht die Stadtverwaltung für das Jahr 2025 von einem Minus in Höhe von 98,7 Millionen Euro aus, das komplett über die Ausgleichsrücklage gedeckt werden soll. Das prognostizierte Defizit im Jahr 2026 liegt bei knapp 170 Millionen Euro.",0.47,180 2027,,kein_treffer
bonn-2025-004,https://web.archive.org/web/20250423171259/https://bonn.de/pressemitteilungen/dezember-2024/konsolidierungspaket-hh.php,"Nach dem Konsolidierungspaket soll das Defizit 2027 noch 119,9 Millionen Euro betragen.","November) war für 2025 mit einem Defizit von rund 140 Millionen Euro gerechnet worden, das kontinuierlich Jahr für Jahr bis auf knapp 250 Millionen Euro im Jahr 2029 ansteigen sollte. Durch die aufgabenbezogene Konsolidierung in allen Dezernaten, der Aktualisierung von Planungsgrundlagen und Anpassungen im Stellenplan können 42,5 Millionen Euro im Jahr 2025, 65,4 Millionen Euro im Jahr 2026, 77,3 Millionen Euro im Jahr 2027, 119,1 Millionen Euro im Jahr 2028 und 151,4 Millionen Euro im Jahr 2029 eingespart werden.",0.46,9,,kein_treffer
bonn-2025-005,https://web.archive.org/web/20250420215117/https://www.bonn.de/pressemitteilungen/maerz/stadtrat-beschliesst-haushalt-2025-26-ausgewogenes-paket.php,"Der beschlossene Haushalt 2025/2026 weist für 2027 ein Defizit von 128,0 Millionen Euro aus.","Damit endet ein mehrmonatiger Prozess der Konsolidierung der Haushaltsplanentwurfsfassung. Der Gesamtbetrag der Aufwendungen im Doppelhaushalt 2025/26 umfasst ca. 1,8 (Planjahr 2025) bzw. 1,9 Milliarden Euro (Planjahr 2026). Gegenüber dem Planungsstand im vergangenen Jahr sieht der nun beschlossene Haushalt Einsparungen in Höhe von rund 445 Millionen Euro in den kommenden fünf Jahren (bis 2029) vor.",0.56,0 128 2027,"128,0",kein_treffer
bonn-2025-006,https://web.archive.org/web/20250420215117/https://www.bonn.de/pressemitteilungen/maerz/stadtrat-beschliesst-haushalt-2025-26-ausgewogenes-paket.php,"Für 2028 beziffert der beschlossene Haushalt das Defizit auf 111,0 Millionen Euro.","Ein deutlicher Schwerpunkt des Haushaltes liegt auf dem sozialen Zusammenhalt in der Stadt. Mit rund 407 Millionen Euro in 2025 und rund 425 Millionen Euro in 2026 und damit einer der größten Posten im städtischen Haushalt, stellt die Stadt wichtige Transferaufwendungen im Bereich Soziales und Kinder, Jugend und Familie sicher. Die jährlichen Defizite stellen sich nun wie folgt dar: 2025 97 Millionen Euro, 2026 123 Millionen Euro, 2027 128 Millionen Euro, 2028 111 Millionen Euro und 2029 110 Millionen Euro.",0.54,0,"111,0",kein_treffer
bonn-2025-007,https://web.archive.org/web/20250327230932/https://www.bonn.de/pressemitteilungen/juni-2024/doppelhaushalt-2025-2026-entwurf-ohne-steuererhoehungen.php,Der erste Haushaltsentwurf sieht für 2029 ein Defizit von 179 Millionen Euro vor.,"Allerdings weist der Haushaltsentwurf in jedem der beiden Jahre ein deutliches Minus auf, und für die kommenden Jahre zeichnen sich derzeit durchgängige Haushaltsdefizite im dreistelligen Millionenbereich ab, was über die Jahre weiterhin einen Vermögensverzehr nach sich ziehen würde. Konkret geht die Stadtverwaltung für das Jahr 2025 von einem Minus in Höhe von 98,7 Millionen Euro aus, das komplett über die Ausgleichsrücklage gedeckt werden soll. Das prognostizierte Defizit im Jahr 2026 liegt bei knapp 170 Millionen Euro.",0.62,179 2029,,zahl_abweichend
bonn-2025-008,https://web.archive.org/web/20250423171259/https://bonn.de/pressemitteilungen/dezember-2024/konsolidierungspaket-hh.php,"Im Konsolidierungspaket wird das Defizit 2029 auf 105,4 Millionen Euro geschätzt.","November) war für 2025 mit einem Defizit von rund 140 Millionen Euro gerechnet worden, das kontinuierlich Jahr für Jahr bis auf knapp 250 Millionen Euro im Jahr 2029 ansteigen sollte. Durch die aufgabenbezogene Konsolidierung in allen Dezernaten, der Aktualisierung von Planungsgrundlagen und Anpassungen im Stellenplan können 42,5 Millionen Euro im Jahr 2025, 65,4 Millionen Euro im Jahr 2026, 77,3 Millionen Euro im Jahr 2027, 119,1 Millionen Euro im Jahr 2028 und 151,4 Millionen Euro im Jahr 2029 eingespart werden.",0.67,105,,zahl_abweichend
bonn-2025-009,https://web.archive.org/web/20250420215117/https://www.bonn.de/pressemitteilungen/maerz/stadtrat-beschliesst-haushalt-2025-26-ausgewogenes-paket.php,"Der beschlossene Haushalt weist für 2029 ein Defizit von 110,0 Millionen Euro aus.","Damit endet ein mehrmonatiger Prozess der Konsolidierung der Haushaltsplanentwurfsfassung. Der Gesamtbetrag der Aufwendungen im Doppelhaushalt 2025/26 umfasst ca. 1,8 (Planjahr 2025) bzw. 1,9 Milliarden Euro (Planjahr 2026). Gegenüber dem Planungsstand im vergangenen Jahr sieht der nun beschlossene Haushalt Einsparungen in Höhe von rund 445 Millionen Euro in den kommenden fünf Jahren (bis 2029) vor.",0.57,0 110,"110,0",kein_treffer
bonn-2025-010,https://web.archive.org/web/20250423171259/https://bonn.de/pressemitteilungen/dezember-2024/konsolidierungspaket-hh.php,Das Konsolidierungspaket soll von 2025 bis 2029 rund 460 Millionen Euro einsparen.,"November) war für 2025 mit einem Defizit von rund 140 Millionen Euro gerechnet worden, das kontinuierlich Jahr für Jahr bis auf knapp 250 Millionen Euro im Jahr 2029 ansteigen sollte.",0.67,460,,zahl_abweichend
bonn-2025-011,https://web.archive.org/web/20250420215117/https://www.bonn.de/pressemitteilungen/maerz/stadtrat-beschliesst-haushalt-2025-26-ausgewogenes-paket.php,Der Stadtrat beschließt ein Konsolidierungsvolumen von rund 445 Millionen Euro für die Jahre 2025 bis 2029.,"Damit endet ein mehrmonatiger Prozess der Konsolidierung der Haushaltsplanentwurfsfassung. Der Gesamtbetrag der Aufwendungen im Doppelhaushalt 2025/26 umfasst ca. 1,8 (Planjahr 2025) bzw. 1,9 Milliarden Euro (Planjahr 2026). Gegenüber dem Planungsstand im vergangenen Jahr sieht der nun beschlossene Haushalt Einsparungen in Höhe von rund 445 Millionen Euro in den kommenden fünf Jahren (bis 2029) vor.",0.62,,,vorschlag
bonn-2025-012,https://web.archive.org/web/20250423171259/https://bonn.de/pressemitteilungen/dezember-2024/konsolidierungspaket-hh.php,Im Konzern Stadt Bonn sollen bis 2029 rund 300 Stellen wegfallen.,Beim Personal will die Stadtverwaltung bis 2029 rund 300 Stellen reduzieren.,0.45,,,kein_treffer
bonn-2025-013,https://web.archive.org/web/20250423171259/https://bonn.de/pressemitteilungen/dezember-2024/konsolidierungspaket-hh.php,Der Stellenabbau soll dem Konzern Stadt Bonn eine Einsparung von rund 67 Millionen Euro bringen.,"Beim Personal will die Stadtverwaltung bis 2029 rund 300 Stellen reduzieren. Das Einsparvolumen wird in dem Fünf-Jahres-Zeitraum insgesamt knapp 67 Millionen Euro betragen. Der Prozess zur Konsolidierung von Stellen wird alle Bereiche der Stadtverwaltung betreffen, und die einzusparenden Stellen werden einen Querschnitt der Verwaltung abbilden.",0.47,,,kein_treffer
bonn-2025-014,https://web.archive.org/web/20250322053052/https://www.bonn.de/pressemitteilungen/maerz-2024/kindertagesstaettenbedarfsplan-2023-bis-2027-beschlossen.php,Der beschlossene Kita-Bedarfsplan sieht bis zum Kita-Jahr 2027 eine U3-Versorgungsquote von 58 Prozent vor.,"Der Fachkräftemangel sowie das Ausscheiden von vielen Kräften in den Ruhestand erschweren die Situation zusätzlich. Damit wird der weitere notwendige Ausbau der Betreuungsplätze eine große Herausforderung. Das Amt für Kinder, Jugend und Familie legte nun dem Rat den Kindertagesstättenbedarfsplan 2023 bis 2027 zum Beschluss vor.",0.44,58,,kein_treffer
bonn-2025-015,https://web.archive.org/web/20250322053052/https://www.bonn.de/pressemitteilungen/maerz-2024/kindertagesstaettenbedarfsplan-2023-bis-2027-beschlossen.php,Der Kita-Bedarfsplan sieht rund 890 zusätzliche U3-Plätze bis zum Kita-Jahr 2027 vor.,"Das Amt für Kinder, Jugend und Familie legte nun dem Rat den Kindertagesstättenbedarfsplan 2023 bis 2027 zum Beschluss vor. Der Rat hat die Fortschreibung beschlossen.",0.36,890,,kein_treffer
bonn-2025-016,https://web.archive.org/web/20250322053052/https://www.bonn.de/pressemitteilungen/maerz-2024/kindertagesstaettenbedarfsplan-2023-bis-2027-beschlossen.php,Für die Ü3-Versorgung strebt der Bedarfsplan bis 2027 eine Quote von 104 Prozent an.,"Daher wurde die Versorgungsquote in der jetzigen Fortschreibung des Kitaplans auf 104 Prozent erhöht. Eine Auswertung der Wartelisten im Frühjahr 2023 ergab für den Zeitraum von September 2022 bis Juli 2023 einen ungedeckten Bedarf von rund 1.125 Betreuungsplätzen, 830 beziehen sich dabei auf Kinder unter drei Jahren.",0.53,2027,,kein_treffer
bonn-2025-017,https://web.archive.org/web/20250322053052/https://www.bonn.de/pressemitteilungen/maerz-2024/kindertagesstaettenbedarfsplan-2023-bis-2027-beschlossen.php,Insgesamt sieht der Bedarfsplan über 1.000 zusätzliche Betreuungsplätze in Kitas und Tagespflege bis 2027 vor.,"Eine Auswertung der Wartelisten im Frühjahr 2023 ergab für den Zeitraum von September 2022 bis Juli 2023 einen ungedeckten Bedarf von rund 1.125 Betreuungsplätzen, 830 beziehen sich dabei auf Kinder unter drei Jahren. In den kommenden Jahren müssen über 1.000 Betreuungsplätze in Kindertageseinrichtungen und Tagespflege geschaffen werden.",0.56,2027,,kein_treffer
bonn-2025-018,https://web.archive.org/web/20241212075633/https://www.bonn.de/pressemitteilungen/juni-2024/solarausbau-auf-staedtischen-gebaeuden-wird-beschleunigt.php,Alle rund 300 geprüften und geeigneten Dächer städtischer Gebäude sollen bis 2028 mit Photovoltaik ausgestattet sein.,"Stadt lässt 300 Dächer auf PV-Tauglichkeit untersuchen Aktuell läuft die Ausschreibung für eine Machbarkeitsuntersuchung, im Zuge derer rund 300 städtische Gebäude auf ihre PV-Tauglichkeit geprüft werden sollen. Die Vergabe soll bis Mitte Juli erfolgen.",0.38,2028,,kein_treffer
bonn-2025-019,https://web.archive.org/web/20241212075633/https://www.bonn.de/pressemitteilungen/juni-2024/solarausbau-auf-staedtischen-gebaeuden-wird-beschleunigt.php,Im Jahr 2024 soll eine neue PV-Leistung von 2.000 bis 2.500 kWp auf städtischen Gebäuden installiert werden.,"Bereits in diesem Jahr wollen Stadt und SWB den PV-Ausbau deutlich beschleunigen. Für 2024 ist vorgesehen, Anlagen mit einer Gesamtleistung von 2.000 bis 2.500 kWp auf den Dächern städtischer Liegenschaften zu installieren. Bei dieser Zahl handelt es sich derzeit noch um eine Schätzung, da die genauen Planungen und somit auch die konkreten Anlagengrößen noch nicht feststehen.",0.58,,,kein_treffer
bonn-2025-020,https://web.archive.org/web/20250328002130/https://www.bonn.de/pressemitteilungen/maerz-2024/weiteres-vorgehen-stadthaus-bonn.php,Die Verwaltung zieht 2027 aus dem Stadthaus aus; rund 1.500 Beschäftigte sind betroffen.,"Hintergrund der Entscheidung ist eine Empfehlung des Berliner Büros dbp dasbauprojekt, das bei einer zusammenfassenden Auswertung der zum Stadthaus vorliegenden Gutachten zu dem Ergebnis kommt, dass das 1978 bezogene Stadthaus 2027 aus der Nutzung genommen werden sollte. Für die Vorbereitung und Durchführung des Umzugs der im Stadthaus untergebrachten Verwaltungseinheiten mit rund 1.500 Beschäftigten gibt die Verwaltung zusätzlichen Personalbedarf im Umfang von 13 Vollzeitstellen an.",0.69,,,vorschlag
bonn-2025-021,https://web.archive.org/web/20250316153243/https://www.bonn.de/pressemitteilungen/april-2024/vorarbeiten-fuer-sanierung-des-hardtbergbads-starten-im-juni.php,Das Hardtbergbad soll 2027 nach Sanierung und Neubau wiedereröffnet werden.,Das Hardtbergbad soll im Anschluss Anfang 2025 in die Sanierungsphase und nach Abschluss von Sanierung und Neubau im Jahr 2027 wieder in Betrieb gehen. Die Schulen und Schwimmvereine werden von der Stadt informiert und soweit möglich auf andere Schwimmbäder verteilt.,0.9,,,vorschlag
bonn-2025-022,https://web.archive.org/web/20250316153243/https://www.bonn.de/pressemitteilungen/april-2024/vorarbeiten-fuer-sanierung-des-hardtbergbads-starten-im-juni.php,"Die Gesamtkosten der Sanierung des Hardtbergbads liegen bei rund 51,5 Millionen Euro, davon 6 Millionen Euro Bundesförderung.","Die Sanierung des Kombibades umfasst die Sanierung des Hallenbades zuzüglich eines Neubaus sowie die Sanierung der Beckenköpfe im Freibad. Das Hardtbergbad wird nach Abschluss der Maßnahme für Schulen, Vereine und andere Badegäste ein zusätzliches Lehrschwimmbecken, einen Familienbereich mit Kurs- und Kinderbecken sowie einen Gastronomiebereich bieten. Die voraussichtlichen Kosten für die gesamte Maßnahme werden sich nach derzeitigem Stand auf 51,5 Millionen Euro belaufen.",0.5,6,6,kein_treffer
bonn-2025-023,https://web.archive.org/web/20250121124703/https://bonn.de/pressemitteilungen/maerz-2024/auf-dem-weg-zum-klimaneutralen-konzern-stadt-bonn-2035.php,Die VEBOWAG schließt die serielle Sanierung ihres Wohnungsbestands bis Ende 2028 ab.,Die VEBOWAG hat bereits konkrete Planungen zur seriellen Sanierung ihrer Mietobjekte inklusive der Umstellung der Wärmeversorgung bis einschließlich 2028. VEBOWAG-Vorstand Dr. Michael Kleine-Hartlage erklärt: „Die städtische Wohnungsbaugesellschaft VEBOWAG unterstützt die klimaneutralen Anstrengungen der Bundesstadt Bonn aus Überzeugung. Seit Ende 2019 konnte der CO2-Ausstoß des Wohnungsbestandes um circa 30 Prozent gesenkt werden.“,0.55,,,kein_treffer
bonn-2025-026,https://web.archive.org/web/20250219091545/https://www.bonn.de/pressemitteilungen/januar/frankenbad-ist-sanierungsfaehig-machbarkeitsstudie-beauftragt.php,Die Ergebnisse der Sanierungs-Machbarkeitsstudie für das Frankenbad sollen in der zweiten Jahreshälfte 2025 vorliegen.,Die Ergebnisse der Machbarkeitsstudie werden in der zweiten Jahreshälfte 2025 erwartet. Anschließend erfolgt die Beteiligung der politischen Gremien. Zudem befindet sich derzeit die Herstellung der provisorischen Barrierefreiheit im Frankenbad in den letzten Zügen.,0.64,,,vorschlag
bonn-2025-029,https://web.archive.org/web/20251220044810/https://www.bonn.de/pressemitteilungen/mai/immer-mehr-menschen-in-bonn-zu-fuss-mit-dem-rad-oder-dem-oepnv-unterwegs.php,"75 Prozent aller Wege in Bonn sollen bis 2030 umweltfreundlich zu Fuß, mit dem Rad oder dem ÖPNV zurückgelegt werden; aktuell liegt der Anteil bei 71 Prozent.","Beinahe drei von vier Wegen in Bonn (insgesamt 71 Prozent) werden zu Fuß, mit dem Rad sowie mit Bus und Bahn zurückgelegt. Das ist ein deutlicher Zuwachs von elf Prozentpunkten gegenüber der letzten Erhebung im Jahr 2017. Bis 2030 sollen in Bonn drei von vier Wegen, also 75 Prozent, nachhaltig zurückgelegt werden.",0.64,,,vorschlag
bonn-2025-030,https://web.archive.org/web/20251220044810/https://www.bonn.de/pressemitteilungen/mai/immer-mehr-menschen-in-bonn-zu-fuss-mit-dem-rad-oder-dem-oepnv-unterwegs.php,"75 Prozent aller Wege in Bonn sollen bis 2030 umweltfreundlich zu Fuß, mit dem Rad oder dem ÖPNV zurückgelegt werden; aktuell liegt der Anteil bei 71 Prozent.","Beinahe drei von vier Wegen in Bonn (insgesamt 71 Prozent) werden zu Fuß, mit dem Rad sowie mit Bus und Bahn zurückgelegt. Das ist ein deutlicher Zuwachs von elf Prozentpunkten gegenüber der letzten Erhebung im Jahr 2017. Bis 2030 sollen in Bonn drei von vier Wegen, also 75 Prozent, nachhaltig zurückgelegt werden.",0.64,,,vorschlag
bonn-2026-031,https://web.archive.org/web/20260122141207/https://www.bonn.de/pressemitteilungen/januar-2026/neue-oeffnungszeiten-fuer-den-bonner-weihnachtsmarkt-2026-2027.php,"Bonner Weihnachtsmarkt 2026 findet vom 18. November bis 23. Dezember 2026 statt, geschlossen am Totensonntag (22.11.), neue Öffnungszeit ab 12 Uhr","Der Weihnachtsmarkt 2026 findet nunmehr von Mittwoch, 18. November, bis einschließlich Mittwoch, 23. Dezember 2026, statt.",0.43,11 12 22,22.11,kein_treffer
dortmund-2025-001,https://web.archive.org/web/20251018073655/https://www.nordstadtblogger.de/gruenes-licht-fuer-den-milliardenschweren-doppelhaushalt-202526-der-stadt-dortmund/,Der Haushalt 2025 wird mit einem geplanten Jahresfehlbetrag von rund 335 Millionen Euro abgeschlossen.,Der Haushalt wurde am 14. Februar öffentlich bekannt gemacht und ist nun in Kraft getreten. Im Haushalt ist für das Jahr 2025 ein Jahresfehlbetrag von rund 335 Mio. Euro geplant; das Jahr 2026 schließt planerisch mit einem Minus von 55 Mio. Euro ab.,0.71,,,vorschlag
dortmund-2025-002,https://web.archive.org/web/20251018073655/https://www.nordstadtblogger.de/gruenes-licht-fuer-den-milliardenschweren-doppelhaushalt-202526-der-stadt-dortmund/,Der Haushalt 2026 wird mit einem geplanten Jahresfehlbetrag von rund 55 Millionen Euro abgeschlossen.,Der Haushalt wurde am 14. Februar öffentlich bekannt gemacht und ist nun in Kraft getreten. Im Haushalt ist für das Jahr 2025 ein Jahresfehlbetrag von rund 335 Mio. Euro geplant; das Jahr 2026 schließt planerisch mit einem Minus von 55 Mio. Euro ab.,0.71,,,vorschlag
dortmund-2025-003,https://web.archive.org/web/20260115061651/https://www.nordstadtblogger.de/rat-entscheidet-ueber-sofortpaket-stadt-dortmund-plant-vier-neue-weiterfuehrende-schulen-bis-2027/,Die Stadt plant vier neue weiterführende Schulen (Gesamtschulen/Gymnasien) zum Schuljahr 2027/2028.,Angesichts stark steigender Schülerzahlen plant die Stadt Dortmund den Bau von vier neuen weiterführenden Schulen – darunter Gesamtschulen und Gymnasien – bis zum Schuljahr 2027/2028.,0.85,,,vorschlag
dortmund-2025-004,https://web.archive.org/web/20260115061651/https://www.nordstadtblogger.de/rat-entscheidet-ueber-sofortpaket-stadt-dortmund-plant-vier-neue-weiterfuehrende-schulen-bis-2027/,Dafür werden 19 zusätzliche Schulzüge benötigt.,Nach Angaben der Stadt werden allein für das Schuljahr 2027/2028 insgesamt 19 zusätzliche Schulzüge an Gymnasien und Gesamtschulen benötigt.,0.83,,,vorschlag
dortmund-2025-005,https://web.archive.org/web/20241113015424/https://www.ruhrnachrichten.de/dortmund/ueber-300-mio-und-sieben-neue-kitas-in-dortmund-fabido-stellt-plaene-fuer-2025-und-2026-vor-w959722-2001438793/,"Burgweg/Innenstadt-Nord (200 Plätze, 10 Gruppen, ab 1.10.)","Bis Ende 2025 sollen vier Einrichtungen an den Standorten Burgweg (Innenstadt-Nord), Kleyer Weg (Lütgendortmund), Buschei (Scharnhorst) und Schragmüllerstraße (Mengede) mit insgesamt 491 Betreuungsplätzen eröffnet werden.",0.33,1 10 200,200 10 1.10,kein_treffer
dortmund-2025-006,https://web.archive.org/web/20241113015424/https://www.ruhrnachrichten.de/dortmund/ueber-300-mio-und-sieben-neue-kitas-in-dortmund-fabido-stellt-plaene-fuer-2025-und-2026-vor-w959722-2001438793/,"Kleyer Weg/Lütgendortmund (72 Plätze, ab 1.10.)","Bis Ende 2025 sollen vier Einrichtungen an den Standorten Burgweg (Innenstadt-Nord), Kleyer Weg (Lütgendortmund), Buschei (Scharnhorst) und Schragmüllerstraße (Mengede) mit insgesamt 491 Betreuungsplätzen eröffnet werden.",0.38,1 10 72,72 1.10,kein_treffer
dortmund-2025-007,https://web.archive.org/web/20241113015424/https://www.ruhrnachrichten.de/dortmund/ueber-300-mio-und-sieben-neue-kitas-in-dortmund-fabido-stellt-plaene-fuer-2025-und-2026-vor-w959722-2001438793/,"Buschei/Scharnhorst (108 Plätze, 6 Gruppen, ab 1.12.)","Bis Ende 2025 sollen vier Einrichtungen an den Standorten Burgweg (Innenstadt-Nord), Kleyer Weg (Lütgendortmund), Buschei (Scharnhorst) und Schragmüllerstraße (Mengede) mit insgesamt 491 Betreuungsplätzen eröffnet werden.",0.22,1 108 12 6,108 6 1.12,kein_treffer
dortmund-2025-008,https://web.archive.org/web/20241113015424/https://www.ruhrnachrichten.de/dortmund/ueber-300-mio-und-sieben-neue-kitas-in-dortmund-fabido-stellt-plaene-fuer-2025-und-2026-vor-w959722-2001438793/,"Für 2026 sind drei weitere Kitas mit insgesamt 368 Plätzen geplant: Steinkühlerweg/Hörde, Oberbecker Straße/Scharnhorst, Alte Ellinghauser Straße/Eving.","2026 sollen drei weitere Kitas an den Standorten Steinkühlerweg (Hörde), Oberbecker Straße (Scharnhorst) und Alte Ellinghauser Straße (Eving) mit insgesamt 368 Betreuungsplätzen eröffnet werden.",0.79,,,vorschlag
dortmund-2025-009,https://web.archive.org/web/20250712031231/https://www.mengede-intakt.de/2025/05/29/dortmund-macht-tempo-beim-glasfaserausbau/,"2025 werden 41 Dortmunder Grund-, Haupt- und Förderschulen ans Glasfasernetz angeschlossen.","Im Laufe dieses Jahres werden 41 Grund-, Haupt- und Förderschulen durch DOKOM21 an das Breitbandnetz angeschlossen. Weitere 39 Schulen folgen 2026. Bis Ende 2026 sollen alle Dortmunder Schulen dann über einen Breitbandanschluss verfügen.",0.73,2025,,zahl_abweichend
dortmund-2025-010,https://web.archive.org/web/20250712031231/https://www.mengede-intakt.de/2025/05/29/dortmund-macht-tempo-beim-glasfaserausbau/,Bis Ende 2026 sollen dann alle Dortmunder Schulen über Breitbandanschluss verfügen.,Bis Ende 2026 sollen alle Dortmunder Schulen dann über einen Breitbandanschluss verfügen.,1.0,,,vorschlag
dortmund-2025-011,https://web.archive.org/web/20250712031231/https://www.mengede-intakt.de/2025/05/29/dortmund-macht-tempo-beim-glasfaserausbau/,Insgesamt sei eine Glasfaserquote von 98 Prozent erreichbar.,"Sollten die angekündigten Bauvorhaben vollständig umgesetzt werden, kann Dortmund eine Glasfaserquote von 98 Prozent erreichen.",0.62,,,vorschlag
dortmund-2025-012,https://web.archive.org/web/20260515015057/https://www.airportzentrale.de/flughafen-dortmund-aufsichtsrat-blickt-auf-2024-und-kuendigt-baumassnahmen-in-2025-an/86594/,"Ziel für 2025: Das Passagiervolumen des Rekordjahres 2024 (rund 3,1 Mio. Passagiere) soll 2025 erneut erreicht werden.","Gleichzeitig hat auch Eurowings verkündet, das Streckenangebot in Dortmund zu reduzieren. In den letzten Tagen hat der Airport umfangreiche Frequenzerhöhungen und neue Strecken bekanntgegeben, welche die Reduzierungen von Ryanair und Eurowings im kommenden Jahr kompensieren werden. Ludger van Bebber: „Unser sehr ambitioniertes Ziel ist es, dass Passagiervolumen des Jahres 2024 auch in 2025 zu erreichen.“",0.41,1 3,,kein_treffer
dortmund-2025-013,https://web.archive.org/web/20250119094950/https://www.electrive.net/2024/10/21/dortmund-rueckt-von-reinen-e-bus-plaenen-wieder-ab/,155 neue Dieselbusse für rund 55 Mio. € geplant statt einer reinen E-Bus-Strategie.,"Die Dortmunder rechnen damit, dass Dieselbusse nicht 1:1 durch E-Busse ersetzt werden können – man brauche mehr E-Busse als Dieselbusse, um das Angebot zu stemmen. Daher wird in dem Artikel kalkuliert, dass die bisherigen E-Bus-Pläne mit knapp 200 statt 155 Fahrzeugen rund 140 Millionen Euro kosten würde – eine reine Diesel-Neubeschaffung von 155 Bussen aber nur 55 Millionen Euro.",0.5,,,kein_treffer
dortmund-2025-014,https://web.archive.org/web/20250119094950/https://www.electrive.net/2024/10/21/dortmund-rueckt-von-reinen-e-bus-plaenen-wieder-ab/,155 neue Dieselbusse für rund 55 Mio. € geplant statt einer reinen E-Bus-Strategie.,"Die Dortmunder rechnen damit, dass Dieselbusse nicht 1:1 durch E-Busse ersetzt werden können – man brauche mehr E-Busse als Dieselbusse, um das Angebot zu stemmen. Daher wird in dem Artikel kalkuliert, dass die bisherigen E-Bus-Pläne mit knapp 200 statt 155 Fahrzeugen rund 140 Millionen Euro kosten würde – eine reine Diesel-Neubeschaffung von 155 Bussen aber nur 55 Millionen Euro.",0.5,,,kein_treffer
dortmund-2026-015,https://web.archive.org/web/20260710132706/https://www.dortmund.de/newsroom/presse-mitteilungen/naechster-schritt-zum-radschnellweg-der-umbau-der-sonnenstrasse-startet-ende-2026.html,"Wenn alles nach Plan verläuft, könnten die Bauarbeiten [2. Bauabschnitt Radschnellweg RS1, Sonnenstraße] Ende 2026 beginnen","Es ist der zweite Bauabschnitt, der erste wurde bereits 2021 fertiggestellt. Um den Wegfall von Parkraum abzufedern, gibt es für die Anwohnenden eine entlastende Möglichkeit, ihr Fahrzeug über Nacht sicher abzustellen. Wenn alles nach Plan verläuft, könnten die Bauarbeiten Ende 2026 beginnen.",0.75,2,,zahl_abweichend
dortmund-2026-019,https://web.archive.org/web/20260602033832/https://www.dortmund.de/newsroom/nachrichten-dortmund.de/dortmund-sagt-olympi-ja.html,Der DOSB entscheidet im Herbst 2026 bei einer außerordentlichen Mitgliederversammlung am 26. September 2026 über den deutschen Olympia-Kandidaten,Der Deutscher Olympischer Sportbund (DOSB) entscheidet im Herbst 2026 über den deutschen Kandidaten für die Olympiabewerbung. Die letzte Entscheidung fällt auf einer außerordentlichen Mitgliederversammlung am 26. September 2026 in Baden-Baden.,0.89,,,vorschlag
duesseldorf-2025-001,https://web.archive.org/web/20260326154427/https://www.duesseldorf.de/medienportal/pressedienst-einzelansicht/pld/etateinbringung-haushalt-2025,"Für 2025 wird ein Jahresfehlbetrag von −261,8 Mio. € erwartet","Hierzu ist ein Rückgriff auf die Ausgleichsrücklage vorgesehen, die jedoch aufgrund der außerordentlich guten Jahresergebnisse der vergangenen Jahre mit über 700 Millionen Euro gut gefüllt ist. Während der Haushaltsplan 2024 in der Mittelfristplanung für das Jahr 2025 noch einen Jahresfehlbetrag in Höhe von -359,3 Millionen Euro vorgesehen hat, konnte insbesondere auf Grundlage einer gestiegenen Ertragserwartung bei der Gewerbesteuer dieser Fehlbetrag im Laufe des Planungsprozesses zum Haushaltsplanentwurf 2025 auf -261,8 Millionen Euro verbessert werden.",0.7,,,vorschlag
duesseldorf-2025-002,https://web.archive.org/web/20260326154427/https://www.duesseldorf.de/medienportal/pressedienst-einzelansicht/pld/etateinbringung-haushalt-2025,"Für 2025–2028 sind Investitionsauszahlungen von 1,482 Mrd. € geplant","""Die Investitionstätigkeiten der Landeshauptstadt bewegen sich weiterhin auf hohem Niveau und steigen weiter an"", erklärt Stadtkämmerin Dorothée Schneider: ""Für die Jahre 2025 bis 2028 sind Investitionsauszahlungen in Höhe von 1,482 Milliarden Euro geplant.",0.9,,,vorschlag
duesseldorf-2025-003,https://web.archive.org/web/20260326154427/https://www.duesseldorf.de/medienportal/pressedienst-einzelansicht/pld/etateinbringung-haushalt-2025,"Für Schulbau sind 2025 419,1 Mio. € vorgesehen","Die Schwerpunkte liegen im Jahr 2025 beim Schulbau mit 419,1 Millionen Euro, dem ÖPNV mit 56,6 Millionen Euro (davon 34,3 Millionen Euro für die Stadtbahnlinie U81) sowie 27,1 Millionen Euro für Bauen und Wohnen (davon 25 Millionen Euro von insgesamt 140 Millionen Euro für das Impulsprogramm Wohnbauoffensive). Zudem sind für das Straßen- und Wegenetz 54,8 Millionen Euro (davon 5,7 Millionen Euro für Radwegenetze) und für den Rettungsdienst und die Feuerwehr (zusammen 19,3 Millionen Euro) angesetzt.",0.75,,,vorschlag
duesseldorf-2025-004,https://web.archive.org/web/20261004005146/https://www.duesseldorf.de/aktuelles/news/detailansicht/newsdetail/rat-verabschiedet-haushalt-2025-1,"Der vom Rat verabschiedete Haushalt 2025 sieht ein Defizit von −214,5 Mio. € vor","Während der Haushaltsplanentwurf für das Jahr 2025 noch einen Jahresfehlbetrag in Höhe von -261,8 Millionen Euro vorgesehen hat, konnte dieser Fehlbetrag auf -214,5 Millionen Euro verbessert werden. Hierzu trug auch ein globaler Minderaufwand in Höhe von 80 Millionen Euro bei. Der vom Rat beschlossene Haushalt sieht auch für das Jahr 2025 einen fiktiv ausgeglichenen Haushalt vor, der gegenüber der Bezirksregierung wiederholt nur anzeigepflichtig ist.",0.79,,,vorschlag
duesseldorf-2025-005,https://web.archive.org/web/20261004005146/https://www.duesseldorf.de/aktuelles/news/detailansicht/newsdetail/rat-verabschiedet-haushalt-2025-1,"Das Investitionsvolumen 2025 erreicht 972,6 Mio. € – ""so hoch wie nie zuvor""","Im Jahr 2025 kratzt das Investitionsvolumen dabei mit 972,6 Millionen Euro an der Marke von 1 Milliarden Euro und ist damit so hoch wie nie zuvor.""",0.83,,,vorschlag
duesseldorf-2025-006,https://web.archive.org/web/20261004005146/https://www.duesseldorf.de/aktuelles/news/detailansicht/newsdetail/rat-verabschiedet-haushalt-2025-1,"Schulbau-Investitionen 2025 belaufen sich im Ratsbeschluss auf 459,1 Mio. €","Die Schwerpunkte liegen im Jahr 2025 beim Schulbau mit 459,1 Millionen Euro, dem ÖPNV mit 99 Millionen Euro (davon 53,9 Millionen Euro für die Stadtbahnlinie U81) sowie 27,1 Millionen Euro für Bauen und Wohnen (davon 25 Millionen Euro von insgesamt 140 Millionen Euro für das Impulsprogramm Wohnbauoffensive).",0.45,,,kein_treffer
duesseldorf-2025-007,https://web.archive.org/web/20261004005146/https://www.duesseldorf.de/aktuelles/news/detailansicht/newsdetail/rat-verabschiedet-haushalt-2025-1,"Für den ÖPNV sind 2025 99 Mio. € eingeplant, davon 53,9 Mio. € für die Stadtbahnlinie U81","Die Schwerpunkte liegen im Jahr 2025 beim Schulbau mit 459,1 Millionen Euro, dem ÖPNV mit 99 Millionen Euro (davon 53,9 Millionen Euro für die Stadtbahnlinie U81) sowie 27,1 Millionen Euro für Bauen und Wohnen (davon 25 Millionen Euro von insgesamt 140 Millionen Euro für das Impulsprogramm Wohnbauoffensive). Zudem sind für das Straßen- und Wegenetz 105 Millionen Euro (davon 8,6 Millionen Euro für Radwegenetze) und für den Rettungsdienst und die Feuerwehr (zusammen 32,3 Millionen Euro) angesetzt.",0.86,,,vorschlag
duesseldorf-2025-008,https://web.archive.org/web/20261004005146/https://www.duesseldorf.de/aktuelles/news/detailansicht/newsdetail/rat-verabschiedet-haushalt-2025-1,"Für den ÖPNV sind 2025 99 Mio. € eingeplant, davon 53,9 Mio. € für die Stadtbahnlinie U81","Die Schwerpunkte liegen im Jahr 2025 beim Schulbau mit 459,1 Millionen Euro, dem ÖPNV mit 99 Millionen Euro (davon 53,9 Millionen Euro für die Stadtbahnlinie U81) sowie 27,1 Millionen Euro für Bauen und Wohnen (davon 25 Millionen Euro von insgesamt 140 Millionen Euro für das Impulsprogramm Wohnbauoffensive). Zudem sind für das Straßen- und Wegenetz 105 Millionen Euro (davon 8,6 Millionen Euro für Radwegenetze) und für den Rettungsdienst und die Feuerwehr (zusammen 32,3 Millionen Euro) angesetzt.",0.86,,,vorschlag
duesseldorf-2025-010,https://web.archive.org/web/20260301164243/https://www.duesseldorf.de/medienportal/pressedienst-einzelansicht/pld/etateinbringung-haushalt-2026,"Für 2026 wird im Haushaltsentwurf ein Defizit von −357,8 Mio. € erwartet","Während der Haushaltsplan 2025 in der Mittelfristplanung für das Jahr 2026 noch einen Jahresfehlbetrag in Höhe von -324,3 Millionen Euro vorgesehen hat, wird sich dieser auf -357,8 Millionen Euro erhöhen. Hierin enthalten ist ein globaler Minderaufwand in Höhe von 80,0 Millionen Euro.",0.58,,,kein_treffer
duesseldorf-2025-011,https://web.archive.org/web/20260301164243/https://www.duesseldorf.de/medienportal/pressedienst-einzelansicht/pld/etateinbringung-haushalt-2026,"Das Investitionsvolumen 2026 soll 676,5 Mio. € betragen","Im Jahr 2026 beläuft sich das Investitionsvolumen dabei auf 676,5 Millionen Euro.",0.62,,,vorschlag
duesseldorf-2025-012,https://web.archive.org/web/20260301164243/https://www.duesseldorf.de/medienportal/pressedienst-einzelansicht/pld/etateinbringung-haushalt-2026,"Für 2026–2029 sind Investitionsauszahlungen von 1,9 Mrd. € geplant","""Auch in diesem Haushalt bewegen sich die Investitionstätigkeiten der Landeshauptstadt auf hohem Niveau"", erklärt Stadtkämmerin Dorothée Schneider: ""Für die Jahre 2026 bis 2029 sind Investitionsauszahlungen in Höhe von 1,9 Milliarden Euro geplant.",0.9,,,vorschlag
duesseldorf-2025-013,https://web.archive.org/web/20260301164243/https://www.duesseldorf.de/medienportal/pressedienst-einzelansicht/pld/etateinbringung-haushalt-2026,"Schulbau-Investitionen 2026: 257,4 Mio. €","Die Schwerpunkte liegen im Jahr 2026 beim Schulbau mit 257,4 Millionen Euro, dem ÖPNV mit 57,3 Millionen Euro (davon 34,2 Millionen Euro für die Stadtbahnlinie U81) sowie 34,8 Millionen Euro für Bauen und Wohnen (davon 34 Millionen Euro von insgesamt 140 Millionen Euro für das Impulsprogramm Wohnbauoffensive).",0.67,,,vorschlag
duesseldorf-2025-014,https://web.archive.org/web/20260301164243/https://www.duesseldorf.de/medienportal/pressedienst-einzelansicht/pld/etateinbringung-haushalt-2026,"ÖPNV-Investitionen 2026: 57,3 Mio. €, davon 34,2 Mio. € für U81","Die Schwerpunkte liegen im Jahr 2026 beim Schulbau mit 257,4 Millionen Euro, dem ÖPNV mit 57,3 Millionen Euro (davon 34,2 Millionen Euro für die Stadtbahnlinie U81) sowie 34,8 Millionen Euro für Bauen und Wohnen (davon 34 Millionen Euro von insgesamt 140 Millionen Euro für das Impulsprogramm Wohnbauoffensive).",0.82,,,vorschlag
duesseldorf-2025-015,https://web.archive.org/web/20260301164243/https://www.duesseldorf.de/medienportal/pressedienst-einzelansicht/pld/etateinbringung-haushalt-2026,"ÖPNV-Investitionen 2026: 57,3 Mio. €, davon 34,2 Mio. € für U81","Die Schwerpunkte liegen im Jahr 2026 beim Schulbau mit 257,4 Millionen Euro, dem ÖPNV mit 57,3 Millionen Euro (davon 34,2 Millionen Euro für die Stadtbahnlinie U81) sowie 34,8 Millionen Euro für Bauen und Wohnen (davon 34 Millionen Euro von insgesamt 140 Millionen Euro für das Impulsprogramm Wohnbauoffensive).",0.82,,,vorschlag
duesseldorf-2025-016,https://web.archive.org/web/20250922220712/https://www.duesseldorf.de/medienportal/pressedienst-einzelansicht/pld/wohnungsbauoffensive-kommt-voran-8000-neue-wohnungen-geplant,"Die Wohnungsbauoffensive soll 8.000 Wohnungen ermöglichen (4.000 auf städtischen Flächen, 4.000 auf weiteren Flächen) bis 2030","Die Wohnungsbauoffensive, mit der die Landeshauptstadt Impulse gegen die Stagnation am Wohnungsmarkt setzt, kommt voran: Aktuell gibt es sich stetig konkretisierende Planungen, die den Bau von 8.000 Wohnungen ermöglichen. Diese setzen sich aus 4.000 Wohnungen auf städtischen Flächen und 4.000 Wohnungen auf weiteren Flächen im Zusammenhang mit Projekten der Wohnungswirtschaft zusammen.",0.79,2030,2030,zahl_abweichend
duesseldorf-2025-017,https://web.archive.org/web/20250922220712/https://www.duesseldorf.de/medienportal/pressedienst-einzelansicht/pld/wohnungsbauoffensive-kommt-voran-8000-neue-wohnungen-geplant,Für 2024 wird mit rund 3.000 genehmigten Wohnungen gerechnet,"Der Förderabschluss ist aktuell auf einem Höchststand: Wie geplant wurde das Fördervolumen von 30 Millionen Euro für 2024 in sechs Monaten mit rund 28 Millionen Euro abgeschlossen. Weiter schließen die durch das städtische Wohnungsamt verhandelten Förderzusagen des Landes im sozialen Wohnungsbau und der Quartiersförderung mit einem Spitzenstand von rund 147 Millionen Euro ab. In dem Zusammenhang sei erwähnt, dass die Stadt im Jahr 2024 auf rund 3.000 genehmigte Wohnungen kommen wird, die dafür Voraussetzung sind.",0.8,,,vorschlag
duesseldorf-2025-018,https://web.archive.org/web/20250908132909/https://www.duesseldorf.de/medienportal/pressedienst-einzelansicht/pld/wohnungsbau-geht-kontinuierlich-voran-seit-2024-baugenehmigungen-fuer-6000-wohnungen-erteilt,Ziel der Wohnungsbauoffensive 2030 bleibt: mindestens 8.000 Wohneinheiten bis 2030,"Um dem Wohnungsbedarf in Düsseldorf als wachsender Stadt aktiv zu begegnen, hat Oberbürgermeister Dr. Stephan Keller Mitte 2023 die Wohnungsbauoffensive Düsseldorf 2030 ausgerufen. Diese soll gemeinsam mit dem Düsseldorfer Baulandmodell sicherstellen, dass ausreichend qualitätsvolle Wohnungen in allen Preissegmenten - mindestens 8.000 Wohneinheiten bis 2030 - geschaffen werden.",0.7,,,vorschlag
duesseldorf-2025-019,https://web.archive.org/web/20241119090028/https://www.duesseldorf.de/medienportal/pressedienst-einzelansicht/pld/1500-baeume-fuer-duesseldorf-stadt-startet-in-die-pflanzsaison,Die Stadt will bis zum Frühjahr 1.500 Bäume neu pflanzen (Pflanzsaison 2024/25),In Düsseldorf beginnt die Pflanzsaison. Bis ins kommende Frühjahr bringt die Stadt voraussichtlich 1.500 Bäume in die Erde.,0.57,2024 25,,kein_treffer
duesseldorf-2025-020,https://web.archive.org/web/20251212133923/https://www.duesseldorf.de/medienportal/pressedienst-einzelansicht/pld/offizieller-bauauftakt-fuer-die-radleitroute-2,"Die Radleitroute 2 (West-Ost) wird rund 12 km lang; der 1. Bauabschnitt kostet rund 5,4 Mio. €; der Abschnitt Luegallee–Luegplatz soll noch 2025 fertiggestellt werden","Abschnitt 1: Vom Areal Böhler bis zum Luegplatz Der erste Bauabschnitt der West-Ost-Radleitroute 2 befindet sich im Stadtbezirk 4 (Oberkassel, Niederkassel, Lörick und Heerdt) und erstreckt sich über rund 3,6 Kilometer – von der Stadtgrenze zu Meerbusch am Areal Böhler über die Hansaallee, den Belsenplatz und die Luegallee bis zum Luegplatz kurz vor der Oberkasseler Brücke.",0.52,12 2025 5,,kein_treffer
duesseldorf-2025-021,https://web.archive.org/web/20251212133923/https://www.duesseldorf.de/medienportal/pressedienst-einzelansicht/pld/offizieller-bauauftakt-fuer-die-radleitroute-2,"Die Radleitroute 2 (West-Ost) wird rund 12 km lang; der 1. Bauabschnitt kostet rund 5,4 Mio. €; der Abschnitt Luegallee–Luegplatz soll noch 2025 fertiggestellt werden","Abschnitt 1: Vom Areal Böhler bis zum Luegplatz Der erste Bauabschnitt der West-Ost-Radleitroute 2 befindet sich im Stadtbezirk 4 (Oberkassel, Niederkassel, Lörick und Heerdt) und erstreckt sich über rund 3,6 Kilometer – von der Stadtgrenze zu Meerbusch am Areal Böhler über die Hansaallee, den Belsenplatz und die Luegallee bis zum Luegplatz kurz vor der Oberkasseler Brücke.",0.52,12 2025 5,,kein_treffer
duesseldorf-2025-022,https://web.archive.org/web/20251212133923/https://www.duesseldorf.de/medienportal/pressedienst-einzelansicht/pld/offizieller-bauauftakt-fuer-die-radleitroute-2,"Die Radleitroute 2 (West-Ost) wird rund 12 km lang; der 1. Bauabschnitt kostet rund 5,4 Mio. €; der Abschnitt Luegallee–Luegplatz soll noch 2025 fertiggestellt werden","Abschnitt 1: Vom Areal Böhler bis zum Luegplatz Der erste Bauabschnitt der West-Ost-Radleitroute 2 befindet sich im Stadtbezirk 4 (Oberkassel, Niederkassel, Lörick und Heerdt) und erstreckt sich über rund 3,6 Kilometer – von der Stadtgrenze zu Meerbusch am Areal Böhler über die Hansaallee, den Belsenplatz und die Luegallee bis zum Luegplatz kurz vor der Oberkasseler Brücke.",0.52,12 2025 5,,kein_treffer
duesseldorf-2025-023,https://web.archive.org/web/20260614222424/https://lokalklick.eu/2025/07/21/duesseldorf-macht-schule-3/,Die Stadt investiert bis 2030 rund 2 Mrd. € in die Schulbauoffensive,Die Landeshauptstadt Düsseldorf investiert bis 2030 rund 2 Milliarden Euro in die städtischen Schulen. Realisiert werden die Projekte vom Amt für Schule und Bildung sowie von den städtischen Tochterunternehmen Immobilien Projekt Management Düsseldorf (IPM) und der Industrieterrains Düsseldorf-Reisholz AG (IDR). Stadtdirektor Burkhard Hintzsche: “Die Landeshauptstadt Düsseldorf treibt die städtische Schulbauoffensive weiter voran.,0.8,,,vorschlag
duesseldorf-2025-024,https://web.archive.org/web/20260614222424/https://lokalklick.eu/2025/07/21/duesseldorf-macht-schule-3/,Der Neubau am Comenius-Gymnasium (~25 Mio. €) soll Ende 2025 fertiggestellt sein,"Am Comenius-Gymnasium wurde der Bestand saniert und ein an das Bestandsgebäude anschließender Erweiterungsbau errichtet. Die Kapazitäten für die Mittagsverpflegung wurden durch ein neues Aulavorgebäude erhöht. Die Gesamtfertigstellung des Bauprojektes ist für Ende 2025 avisiert, die Kosten belaufen sich insgesamt auf rund 25 Millionen Euro.",0.58,,,kein_treffer
duesseldorf-2025-025,https://web.archive.org/web/20260614222424/https://lokalklick.eu/2025/07/21/duesseldorf-macht-schule-3/,Der Neubau am Comenius-Gymnasium (~25 Mio. €) soll Ende 2025 fertiggestellt sein,"Am Comenius-Gymnasium wurde der Bestand saniert und ein an das Bestandsgebäude anschließender Erweiterungsbau errichtet. Die Kapazitäten für die Mittagsverpflegung wurden durch ein neues Aulavorgebäude erhöht. Die Gesamtfertigstellung des Bauprojektes ist für Ende 2025 avisiert, die Kosten belaufen sich insgesamt auf rund 25 Millionen Euro.",0.58,,,kein_treffer
duesseldorf-2025-026,https://web.archive.org/web/20260614222424/https://lokalklick.eu/2025/07/21/duesseldorf-macht-schule-3/,Der rund 106 Mio. € teure Neubau des Luisen-Gymnasiums wird zum Schuljahr 2026/27 bezogen,"Neubau des Luisen-Gymnasiums an der Völklinger Straße Das Luisen-Gymnasium erhält einen Ersatzneubau an der Völklinger Straße: Das moderne und nachhaltige Schulgebäude wird durch eine wettkampffähige Dreifeldsporthalle mit bis zu 1.200 Zuschauerplätzen ergänzt, die auch durch Sportvereine und für Veranstaltungen genutzt werden kann. Der rund 106 Millionen Euro teure Neubau wird zum Schuljahr 2026/27 von der Schule bezogen.",0.93,,,vorschlag
duesseldorf-2025-027,https://web.archive.org/web/20260614222424/https://lokalklick.eu/2025/07/21/duesseldorf-macht-schule-3/,Der rund 106 Mio. € teure Neubau des Luisen-Gymnasiums wird zum Schuljahr 2026/27 bezogen,"Neubau des Luisen-Gymnasiums an der Völklinger Straße Das Luisen-Gymnasium erhält einen Ersatzneubau an der Völklinger Straße: Das moderne und nachhaltige Schulgebäude wird durch eine wettkampffähige Dreifeldsporthalle mit bis zu 1.200 Zuschauerplätzen ergänzt, die auch durch Sportvereine und für Veranstaltungen genutzt werden kann. Der rund 106 Millionen Euro teure Neubau wird zum Schuljahr 2026/27 von der Schule bezogen.",0.93,,,vorschlag
duesseldorf-2025-028,https://web.archive.org/web/20260614222424/https://lokalklick.eu/2025/07/21/duesseldorf-macht-schule-3/,Die Joseph-Beuys-Gesamtschule wird zum Schuljahr 2027/28 von vier auf sechs Züge erhöht (Gesamtkosten ~93 Mio. €),"Der Schulstandort an der Siegburger Straße wird ganzheitlich neu gestaltet und erweitert: Die Zügigkeit der Joseph-Beuys-Gesamtschule wird zum Schuljahr 2027/28 von vier auf sechs Züge erhöht, sodass die Zahl der Gesamtschulplätze in Düsseldorf weiter gesteigert wird.",0.83,93,,zahl_abweichend
duesseldorf-2025-029,https://web.archive.org/web/20260614222424/https://lokalklick.eu/2025/07/21/duesseldorf-macht-schule-3/,Die Joseph-Beuys-Gesamtschule wird zum Schuljahr 2027/28 von vier auf sechs Züge erhöht (Gesamtkosten ~93 Mio. €),"Der Schulstandort an der Siegburger Straße wird ganzheitlich neu gestaltet und erweitert: Die Zügigkeit der Joseph-Beuys-Gesamtschule wird zum Schuljahr 2027/28 von vier auf sechs Züge erhöht, sodass die Zahl der Gesamtschulplätze in Düsseldorf weiter gesteigert wird.",0.83,93,,zahl_abweichend
duesseldorf-2025-030,https://web.archive.org/web/20251209204002/https://www.ddorf-aktuell.de/2025/05/28/duesseldorf-benrath-ab-freitag-ist-das-freibad-geoeffnet/,"Das Freibad Benrath öffnet ab Freitag, 30.05.2025 für die Saison",Ab Freitag können wieder im Aussenbecken Bahnen geschwommen werden Am Freitag (30.5.) öffnet das Benrather Freibad seine Tore und die Saison für Freiluftschwimmer*innen beginnt.,0.75,05 2025,30.05.2025,zahl_abweichend
duesseldorf-2026-035,https://web.archive.org/web/20260723020923/https://www.visitduesseldorf.de/erleben/veranstaltungen/weihnachten-in-duesseldorf,19. November bis 30. Dezember,2026 findet er vom 19. November bis zum 30. Dezember statt.,1.0,,,vorschlag
essen-2025-001,https://web.archive.org/web/20260412121252/https://www.essen.de/meldungen/pressemeldung_1542493.de.html,"Haushaltsplan-Entwurf 2025/2026 sieht für das Jahr 2025 einen Überschuss von 3,4 Mio € vor","Dennoch beträgt der geplante Überschuss für das Jahr 2025 3,4 Millionen Euro, in 2026 ist ein Überschuss von 3,5 Millionen Euro geplant.",0.6,,,vorschlag
essen-2025-002,https://web.archive.org/web/20260412121252/https://www.essen.de/meldungen/pressemeldung_1542493.de.html,"Derselbe Haushaltsplan-Entwurf sieht für 2026 einen Überschuss von 3,5 Mio € vor","Dennoch beträgt der geplante Überschuss für das Jahr 2025 3,4 Millionen Euro, in 2026 ist ein Überschuss von 3,5 Millionen Euro geplant.",0.46,,,kein_treffer
essen-2025-003,https://web.archive.org/web/20260412121252/https://www.essen.de/meldungen/pressemeldung_1542493.de.html,"Investitionsplan 2025–2029: Gesamtinvestitionen von 2,7 Mrd €, davon 965,4 Mio € für Schulbau","Dennoch beträgt der geplante Überschuss für das Jahr 2025 3,4 Millionen Euro, in 2026 ist ein Überschuss von 3,5 Millionen Euro geplant. Trotz der Mehraufwendungen können wichtige Investitionen in den Bereichen Bildungs- und Sportinfrastruktur, Mobilität, Katastrophen- und Brandschutz oder Personal geleistet werden. Im gesamten Finanzplanungszeitraum, also in den Jahren 2025 bis 2029, werden insgesamt 2,7 Milliarden Euro investiert.",0.5,965,,kein_treffer
essen-2025-004,https://web.archive.org/web/20260412121252/https://www.essen.de/meldungen/pressemeldung_1542493.de.html,"Investitionsplan 2025–2029: Gesamtinvestitionen von 2,7 Mrd €, davon 965,4 Mio € für Schulbau","Dennoch beträgt der geplante Überschuss für das Jahr 2025 3,4 Millionen Euro, in 2026 ist ein Überschuss von 3,5 Millionen Euro geplant. Trotz der Mehraufwendungen können wichtige Investitionen in den Bereichen Bildungs- und Sportinfrastruktur, Mobilität, Katastrophen- und Brandschutz oder Personal geleistet werden. Im gesamten Finanzplanungszeitraum, also in den Jahren 2025 bis 2029, werden insgesamt 2,7 Milliarden Euro investiert.",0.5,965,,kein_treffer
essen-2025-005,https://web.archive.org/web/20260412121252/https://www.essen.de/meldungen/pressemeldung_1542493.de.html,"Investitionsschulden der Stadt sollen bis Ende 2029 auf rund 3,4 Mrd € steigen","Nach Abzug der planmäßigen Tilgungsleistungen führt die notwendige Kreditaufnahme zu einem Anstieg unserer Verbindlichkeiten für Investitionskredite um rund 1,22 Milliarden Euro auf dann 3,4 Milliarden Euro. Aktuell beträgt das Eigenkapital der Stadt Essen, und damit der Saldo aus Vermögen und Schulden, 95,5 Millionen Euro.",0.46,2029,,kein_treffer
essen-2025-006,https://web.archive.org/web/20250224032119/https://www.essen.de/meldungen/pressemeldung_1551957.de.html,Für das Kita-Jahr 2025/2026 sollen 24.482 Betreuungsplätze bereitstehen,Verbesserung des Betreuungsangebots: Für das kommende Kita-Jahr 2025/2026 sind insgesamt voraussichtlich 699 neue Kita-Plätze geplant. Ausblick: Zum Ende des Kita-Jahres 2025/2026 werden voraussichtlich insgesamt 24.482 Plätze zur Verfügung stehen.,0.73,,,vorschlag
essen-2025-007,https://web.archive.org/web/20250224032119/https://www.essen.de/meldungen/pressemeldung_1551957.de.html,699 neue Plätze,Für das kommende Kita-Jahr 2025/2026 sind insgesamt voraussichtlich 699 neue Kita-Plätze geplant.,1.0,,,vorschlag
essen-2025-008,https://web.archive.org/web/20250224032119/https://www.essen.de/meldungen/pressemeldung_1551957.de.html,U3-Quote 42 %,"Zielversorgungsquote U3 wird dieses Kita-Jahr 2024/2025 übertroffen – Ü3-Quote steigt weiterhin Die Zielversorgungsquote von 40 Prozent im Bereich ""U3"" wird nach Umsetzung aller Projekte im laufenden Kita-Jahr 2024/2025 mit 42,3 Prozent übertroffen.",0.75,,,vorschlag
essen-2025-009,https://web.archive.org/web/20250224032119/https://www.essen.de/meldungen/pressemeldung_1551957.de.html,"Ü3-Quote 96,9 %","Zur Erreichung der Zielversorgung in Höhe von 100 Prozent im Bereich ""Ü3"" fehlen bei einem Gesamtangebot von 24.014 Plätzen für Kinder im Alter von null Jahren bis zur Schulpflicht derzeit noch 1.069 Plätze. Die Stadt Essen liegt mit seiner Quote von 94,2 Prozent über dem Landesdurchschnitt Nordrhein-Westfalen (NRW) von 90 Prozent. In Essen wird die Betreuungsquote für über Dreijährige im Kita-Jahr 2025/2026 voraussichtlich auf 96,9 Prozent steigen - mit der Tendenz weiter steigend.",0.8,,,vorschlag
essen-2025-010,https://web.archive.org/web/20260519185805/https://www.essen.de/meldungen/pressemeldung_1564958.de.html,Die Tiegelschule soll ab dem Schuljahr 2026/2027 genutzt werden,Tiegelschule ist im Bau und wird ab dem Schuljahr 2026/2027 in die Nutzung gehen. Schule an der Ruhr wird 2027 fertiggestellt und kann in Kettwig von Grundschülerinnen*Grundschülern genutzt werden.,0.9,,,vorschlag
essen-2025-011,https://web.archive.org/web/20260519185805/https://www.essen.de/meldungen/pressemeldung_1564958.de.html,Die neue Schule an der Ruhr in Kettwig soll im 2. Quartal 2027 fertiggestellt werden,Tiegelschule ist im Bau und wird ab dem Schuljahr 2026/2027 in die Nutzung gehen. Schule an der Ruhr wird 2027 fertiggestellt und kann in Kettwig von Grundschülerinnen*Grundschülern genutzt werden. Für eine neue Grundschule in Bochold wurde ein Grundstück angekauft.,0.8,2,,zahl_abweichend
essen-2025-012,https://web.archive.org/web/20260519185805/https://www.essen.de/meldungen/pressemeldung_1564958.de.html,Neun geplante G9-Erweiterungsbauten sollen ab dem Schuljahr 2027/2028 nutzbar sein,"Beim Gymnasium Borbeck ist die geplante Platzierung des Erweiterungsbaus bereits fixiert, die Maßnahme wird kurzfristig in die Ausschreibung gehen. Für das Theodor-Heuss-Gymnasium wurde vom Rat beschlossen, dass die Erweiterung auf dem jetzigen Schulgrundstück umgesetzt wird. Die geplanten insgesamt neun G9-Erweiterungsbauten sollen die Schulen ab 2027 oder 2028 nutzen können.",0.75,,,vorschlag
essen-2025-013,https://web.archive.org/web/20260519185805/https://www.essen.de/meldungen/pressemeldung_1564958.de.html,Die Grundschule Moltkestraße soll spätestens zum Schuljahr 2027/2028 den Betrieb aufnehmen,Für die neue Grundschule an der Moltkestraße sind die Vorbereitungen für die Entkernungsarbeiten des ehemals von der Bundesbank genutzten Gebäudes auf dem Areal Moltkestraße 31 und 33 inzwischen abgeschlossen. Im nächsten Schritt erfolgen nun die vorbereitenden Arbeiten für den Neubau. Der Neubau der Grundschule und der Umbau des Bestandsgebäudes erfolgen zum ersten Mal in Zusammenarbeit mit einem Investor.,0.42,2027 2028,,kein_treffer
essen-2025-014,https://web.archive.org/web/20260610190648/https://www.essen.de/meldungen/pressemeldung_1575217.de.html,"Neubau der Gesamtschule Altenessen-Süd (137 Mio €, 34.000 m², 1.300 Schüler:innen) soll Ende 2027 fertiggestellt sein","Auf einer Fläche von 34.000 Quadratmetern – etwa fünf Fußballfeldern – entsteht ein hochmoderner, sechszügiger Schulkomplex. Die Schule bietet Platz für rund 1.300 Schüler*innen sowie 110 Lehrkräfte und Mitarbeitende.",0.32,137 2027,,kein_treffer
essen-2025-015,https://web.archive.org/web/20260610190648/https://www.essen.de/meldungen/pressemeldung_1575217.de.html,"Neubau der Gesamtschule Altenessen-Süd (137 Mio €, 34.000 m², 1.300 Schüler:innen) soll Ende 2027 fertiggestellt sein","Auf einer Fläche von 34.000 Quadratmetern – etwa fünf Fußballfeldern – entsteht ein hochmoderner, sechszügiger Schulkomplex. Die Schule bietet Platz für rund 1.300 Schüler*innen sowie 110 Lehrkräfte und Mitarbeitende.",0.32,137 2027,,kein_treffer
essen-2025-016,https://web.archive.org/web/20260610190648/https://www.essen.de/meldungen/pressemeldung_1575217.de.html,"Neubau der Gesamtschule Altenessen-Süd (137 Mio €, 34.000 m², 1.300 Schüler:innen) soll Ende 2027 fertiggestellt sein","Auf einer Fläche von 34.000 Quadratmetern – etwa fünf Fußballfeldern – entsteht ein hochmoderner, sechszügiger Schulkomplex. Die Schule bietet Platz für rund 1.300 Schüler*innen sowie 110 Lehrkräfte und Mitarbeitende.",0.32,137 2027,,kein_treffer
essen-2025-017,https://web.archive.org/web/20260610190648/https://www.essen.de/meldungen/pressemeldung_1575217.de.html,"Neubau der Gesamtschule Altenessen-Süd (137 Mio €, 34.000 m², 1.300 Schüler:innen) soll Ende 2027 fertiggestellt sein","Auf einer Fläche von 34.000 Quadratmetern – etwa fünf Fußballfeldern – entsteht ein hochmoderner, sechszügiger Schulkomplex. Die Schule bietet Platz für rund 1.300 Schüler*innen sowie 110 Lehrkräfte und Mitarbeitende.",0.32,137 2027,,kein_treffer
essen-2025-018,https://web.archive.org/web/20260521134449/https://www.essen.de/meldungen/pressemeldung_1577045.de.html,Die Gesamtschule Altenessen-Süd startet bereits zum Schuljahr 2026/2027 an einem Interimsstandort (Karolingerstraße 93) mit vier Klassen,"Gesamtschule Altenessen-Süd startet bereits zum Schuljahr 2026/2027 24.09.2025 Die neue Gesamtschule Altenessen-Süd nimmt bereits zum Schuljahr 2026/2027 am Übergangsstandort Karolingerstraße 93 mit vier Klassen den Betrieb auf, um den wachsenden Bedarf an Schulplätzen zu decken.",0.89,,,vorschlag
essen-2025-020,https://web.archive.org/web/20260616115305/https://www.ruhrbahn.de/essen/aktuelles/meldung/ruhrbahn-modernisiert-fahrzeugflotte-der-stadtbahnen,Ruhrbahn erneuert für rund 150 Mio € ihre gesamte Stadtbahn-Fahrzeugflotte ... bis 2026,"Ruhrbahn-Aufsichtsratsvorsitzender Ulrich Beul freut sich über die Ankunft des ersten Fahrzeuges: „Ein weiterer Meilenstein für die Ruhrbahn-Fahrzeugflotte. Die Fahrgäste können sich zukünftig stadtweit über moderne Bahnen und dementsprechend wesentlich mehr Komfort freuen, und das Ruhrbahn-Fahrpersonal über modernste Arbeitsplätze, wenn bis 2026 die U-Stadtbahnen dann komplett erneuert worden sind.“",0.5,150,,kein_treffer
essen-2025-021,https://web.archive.org/web/20260616115305/https://www.ruhrbahn.de/essen/aktuelles/meldung/ruhrbahn-modernisiert-fahrzeugflotte-der-stadtbahnen,"51 neue Fahrzeuge (44 für Essen, 7 für Mülheim) bis 2026",Im Juni 2021 wurde der Kaufvertrag über 51 neue Stadtbahnfahrzeuge in der Ruhrbahn-Zentrale in Essen gemeinsam mit Vertretern von CAF unterzeichnet: 44 Fahrzeuge für Essen und 7 für Mülheim an der Ruhr.,0.8,2026,,zahl_abweichend
essen-2025-022,https://web.archive.org/web/20260315232553/https://www.essen.de/e_magazin/emagazin_1578193.de.html,ESSEN 51: Baubeginn 2026,Vorbehaltlich des Ratbeschlusses zum Bebauungsplan könnten die Bauarbeiten 2026 beginnen und die ersten Wohnhäuser ESSEN 51. im Jahr 2027 fertiggestellt werden.,0.75,,,vorschlag
essen-2025-023,https://web.archive.org/web/20260315232553/https://www.essen.de/e_magazin/emagazin_1578193.de.html,erste Wohnhäuser sollen 2027 fertiggestellt sein,Die ersten Wohngebäude sollen 2027 einzugsbereit sein,0.5,,,kein_treffer
essen-2025-024,https://web.archive.org/web/20260210002131/https://www.essen.de/meldungen/pressemeldung_1577033.de.html,"Für den geplanten Rechenzentrums-Standort (150 Mio € Investition, 10 MW) soll im 1. Quartal 2026 die Ratsentscheidung fallen",Die Entscheidung über den Standort ist in der finalen Abstimmungsphase. Im 1. Quartal 2026 soll der Rat der Stadt Essen eine Grundsatzentscheidung für den Neubau treffen.,0.5,10 150,,kein_treffer
essen-2025-025,https://web.archive.org/web/20260612050139/https://www.essen.de/meldungen/pressemeldung_1552745.de.html,Solarförderprogramm 2025 stellt rund 1.075.000 € bereit,"Ratsbeschluss: Das Solarförderprogramm in Essen wird 2025 fortgesetzt, um den Ausbau von Solarstromanlagen und die Verbesserung der Klimabilanz zu fördern. Fördersumme : Für 2025 wird eine Fördersumme von rund 1.075.000 Euro bereitgestellt.",0.75,,,vorschlag
essen-2025-026,https://web.archive.org/web/20260519182406/https://www.essen.de/meldungen/pressemeldung_1580134.de.html,"Neues ""Café am Bauernhof"" im Grugapark soll zur Saison 2027 eröffnen","Der Grugapark Essen sucht eine*n engagierte*n Pächterin*Pächter für das neue ""Café am Bauernhof"", das im Süden des Parks entsteht. Das geplante Café soll ab der Saison 2027 Besucher*innen des Parks mit einem modernen, nachhaltigen und familienfreundlichen Gastronomiekonzept empfangen.",0.73,,,vorschlag
essen-2025-027,https://web.archive.org/web/20260416211457/https://www.essen.de/meldungen/pressemeldung_1545639.de.html,"CITYBAHN Stufe 1 (Stationen Betriebshof Stadtmitte, Hollestraße, Essen Hbf, Hindenburgstraße) soll im Sommer 2026 in Betrieb gehen","Im Sommer 2026 können die ersten neuen und umgebauten Haltestellen rund um den Essener Hauptbahnhof angefahren werden. Das Kernstück der CITYBAHN – die sogenannte Bahnhofstangente – geht damit planmäßig mit den Haltestellen ""Betriebshof Stadtmitte"", ""Hollestraße"", ""Essen Hbf"" und ""Hindenburgstraße"" in Betrieb.",0.71,1,1,zahl_abweichend
essen-2025-028,https://web.archive.org/web/20260416211457/https://www.essen.de/meldungen/pressemeldung_1545639.de.html,"CITYBAHN Stufe 2 (neue Stationen Krupp-Park, Zeche Amalie, Zollstraße; Umbau Bergmühle) soll 2027 fertig sein","Der Abschnitt vom Berthold-Beitz-Boulevard / Altendorfer Straße durch das neue Stadtgebiet ESSEN 51. schließt an das bestehende Netz an der Haltestelle Bocholder Straße an und folgt in Stufe 2 im Jahr 2027. Hier gehen die Planungen wie vorgesehen weiter. Auf diesem Abschnitt werden drei Haltestellen neu gebaut: Krupp-Park, Zeche Amalie, Zollstraße sowie die Haltestelle Bergmühle umgebaut (siehe beigefügte Grafik).",0.62,,,vorschlag
essen-2025-029,https://web.archive.org/web/20260416211457/https://www.essen.de/meldungen/pressemeldung_1545639.de.html,"Das CITYBAHN-Gesamtnetz (inkl. Stufe 3: Schwanenkampbrücke, Westendhof, Frohnhauser Straße) soll 2028 vollständig in Betrieb sein","In Stufe 3 wird das Streckenstück zwischen Hans-Böckler-Straße mit der Kreuzung Frohnhauser Straße/Berthold-Beitz-Boulevard verbunden, um damit die bereits bestehende Strecke am Berthold-Beitz-Boulevard zu vervollständigen. Die zwei Haltestellen Schwanenkampbrücke und Westendhof werden neu gebaut sowie die Haltestelle Frohnhauser Straße umgebaut. Die Inbetriebnahme des gesamten Streckenverlaufs der CITYBAHN wird nach dem neuen Terminplan 2028 erfolgen.",0.62,,,vorschlag
essen-2025-032,https://web.archive.org/web/20260607043743/https://essen.de/meldungen/pressemeldung_1571022.de.html,Prognostiziertes Jahresdefizit 2025 von rund 120 Mio € (Stand April 2025),Der regelmäßige Controlling-Bericht über das laufende Haushaltsjahr und den Stand der Ausgaben des städtischen Haushalts weist mit Stand April 2025 ein Defizit von rund 120 Millionen Euro aus.,0.67,,,vorschlag
essen-2025-033,https://web.archive.org/web/20251209081411/https://www.essen.de/meldungen/pressemeldung_1581432.de.html,Einstellungsstopp der Stadtverwaltung gilt bis 30. April 2026,Darüber hinaus gibt es eine (Nach-)Besetzungssperre für Stellen innerhalb der Verwaltung bis zum 30.04.2026.,0.5,,30 2026,kein_treffer
essen-2025-034,https://web.archive.org/web/20251209081411/https://www.essen.de/meldungen/pressemeldung_1581432.de.html,Defizit-Prognose über 123 Mio € (Stand September 2025),Der regelmäßige Controlling-Bericht über das laufende Haushaltsjahr und der Stand der Ausgaben des städtischen Haushalts weisen mit Stand September 2025 ein Defizit von über 123 Millionen Euro aus.,0.75,,,vorschlag
koeln-2025-003,https://web.archive.org/web/20251007031321/https://www.stadt-koeln.de/politik-und-verwaltung/presse/mitteilungen/27942/index.html,"Spielbetrieb am Offenbachplatz im September 2026; Eröffnungsfest 19./20.09.2026, Festakt 24.09.2026","Das Eröffnungsfest wird am 19. und 20. September 2026 stattfinden, der feierliche Festakt am 24.",0.67,09,20.09.2026 24.09.2026,zahl_abweichend
koeln-2025-004,https://web.archive.org/web/20250709213409/https://www.stadt-koeln.de/politik-und-verwaltung/presse/mitteilungen/27660/index.html,Am 15. September 2025 sollen die KVB-Linien 13 und 18 auf der Brücke wieder in Betrieb genommen werden.,Am 15. September 2025 sollen die KVB -Linien 13 und 18 auf der Brücke wieder in Betrieb genommen werden.,1.0,,,vorschlag
koeln-2025-005,https://web.archive.org/web/20260815015824/https://www.stadt-koeln.de/politik-und-verwaltung/presse/mitteilungen/28019/index.html,Fehlbetrag 2025 rund 582 Millionen Euro,"Auslöser dieser Maßnahme ist eine neue Prognose, die ein deutlich höheres Defizit im städtischen Haushalt für 2025 zeigt: Statt der ursprünglich geplanten 399,5 Millionen Euro wird nun ein Fehlbetrag von rund 582 Millionen Euro erwartet – also rund 182,5 Millionen Euro mehr als bislang angenommen.",1.0,,,vorschlag
koeln-2025-006,https://web.archive.org/web/20250905024323/https://www.stadt-koeln.de/politik-und-verwaltung/presse/mitteilungen/27083/index.html,erwartet dadurch Mehrerträge in Höhe von 23 Millionen Euro,"Die Stadtverwaltung erwartet dadurch Mehrerträge in Höhe von 23 Millionen Euro und insgesamt einen Steuerertrag von rund 259,75 Millionen Euro.",1.0,,,vorschlag
koeln-2025-008,https://web.archive.org/web/20241209230305/https://www.stadt-koeln.de/politik-und-verwaltung/presse/mitteilungen/27147/index.html,"Planerisches Defizit 2025: 395,1 Mio. Euro","Das planerische Defizit liegt bei 395,1 Millionen Euro in 2025 und 439,7 Millionen Euro in 2026.",0.71,,,vorschlag
koeln-2025-009,https://web.archive.org/web/20241209230305/https://www.stadt-koeln.de/politik-und-verwaltung/presse/mitteilungen/27147/index.html,"Planerisches Defizit 2026: 439,7 Mio. Euro","Das planerische Defizit liegt bei 395,1 Millionen Euro in 2025 und 439,7 Millionen Euro in 2026.",0.71,,,vorschlag
koeln-2025-010,https://web.archive.org/web/20241209230305/https://www.stadt-koeln.de/politik-und-verwaltung/presse/mitteilungen/27147/index.html,"Gesamtaufwendungen 2026: 6,69 Mrd. Euro","Die Gesamtaufwendungen steigen auf 6,45 Milliarden Euro in 2025 und 6,69 Milliarden Euro in 2026 (2024: 5,92 Milliarden Euro).",0.83,,,vorschlag
koeln-2025-011,https://web.archive.org/web/20241209230305/https://www.stadt-koeln.de/politik-und-verwaltung/presse/mitteilungen/27147/index.html,"rund 1,4 Milliarden Euro bis 2029","Inklusive der Mittelfristplanung bis einschließlich 2029 geht die Verwaltung von einer Verringerung der Allgemeinen Rücklage und damit einem Eigenkapitalverzehr in Höhe von rund 1,4 Milliarden Euro aus.",1.0,,,vorschlag
koeln-2025-012,https://web.archive.org/web/20241209230305/https://www.stadt-koeln.de/politik-und-verwaltung/presse/mitteilungen/27147/index.html,"Konsolidierungsmaßnahmen 93,5 Mio. Euro (2025)","Durch umfangreiche, in den vergangenen Monaten erarbeitete Konsolidierungsmaßnahmen ist es gelungen, die derzeit absehbaren Verluste auf das oben genannte Maß zu begrenzen und ein Abrutschen in die Haushaltssicherung zu vermeiden. Diese Maßnahmen im Umfang von 93,5 Millionen Euro in 2025 bis 115,1 Millionen Euro in 2029 sowie die zusätzliche Veranschlagung eines globalen Minderaufwands ab 2026 und von Verlustvorträgen in kommenden Haushaltsjahren verhindern einen übermäßigen Eigenkapitalverzehr, der die Stadt sonst unweigerlich in ein verpflichtendes Haushaltssicherungskonzept geführt hätte.",0.83,,,vorschlag
koeln-2025-013,https://web.archive.org/web/20241209230305/https://www.stadt-koeln.de/politik-und-verwaltung/presse/mitteilungen/27147/index.html,"115,1 Mio. Euro (bis 2029)","Diese Maßnahmen im Umfang von 93,5 Millionen Euro in 2025 bis 115,1 Millionen Euro in 2029 sowie die zusätzliche Veranschlagung eines globalen Minderaufwands ab 2026 und von Verlustvorträgen in kommenden Haushaltsjahren verhindern einen übermäßigen Eigenkapitalverzehr, der die Stadt sonst unweigerlich in ein verpflichtendes Haushaltssicherungskonzept geführt hätte.",0.83,,,vorschlag
koeln-2025-014,https://web.archive.org/web/20241209230305/https://www.stadt-koeln.de/politik-und-verwaltung/presse/mitteilungen/27147/index.html,für die Ratssitzung im Februar 2025 vorgesehen,"Die Beschlussfassung des Rates über den Haushalt ist für die Ratssitzung im Februar 2025 geplant, bis dahin erfolgen Beratungen im Rat sowie in den Ausschüssen und Bezirksvertretungen.",0.86,,,vorschlag
koeln-2025-015,https://web.archive.org/web/20260919122541/https://www.stadt-koeln.de/politik-und-verwaltung/presse/mitteilungen/27462/index.html,"Defizit 2025 = 399,34 Mio. Euro","Das Defizit beläuft sich auf 399,34 Millionen Euro in 2025 und 443,80 Millionen Euro in 2026.",0.83,,,vorschlag
koeln-2025-016,https://web.archive.org/web/20260919122541/https://www.stadt-koeln.de/politik-und-verwaltung/presse/mitteilungen/27462/index.html,"2026 = 443,80 Mio. Euro","Das Defizit beläuft sich auf 399,34 Millionen Euro in 2025 und 443,80 Millionen Euro in 2026.",0.8,,,vorschlag
koeln-2025-017,https://web.archive.org/web/20260919122541/https://www.stadt-koeln.de/politik-und-verwaltung/presse/mitteilungen/27462/index.html,"Globaler Minderaufwand: 45,0 Mio. Euro in 2026","Außerdem wurde ein globaler Minderaufwand (in 2026 45,0 Millionen Euro und ab 2027 weiter aufsteigend auf bis zu 135,0 Millionen Euro) veranschlagt, der in den beiden Jahren mit zusätzlichen Maßnahmen zu hinterlegen ist.",0.88,,,vorschlag
koeln-2025-018,https://web.archive.org/web/20260919122541/https://www.stadt-koeln.de/politik-und-verwaltung/presse/mitteilungen/27462/index.html,"ab 2027 ansteigend bis zu 135,0 Millionen Euro","Außerdem wurde ein globaler Minderaufwand (in 2026 45,0 Millionen Euro und ab 2027 weiter aufsteigend auf bis zu 135,0 Millionen Euro) veranschlagt, der in den beiden Jahren mit zusätzlichen Maßnahmen zu hinterlegen ist.",0.89,,,vorschlag
koeln-2025-023,https://web.archive.org/web/20250815055537/https://www.stadt-koeln.de/politik-und-verwaltung/presseservice/bauliche-fertigstellung-bis-ende-2025,bauliche Fertigstellung Ende 2. Halbjahr 2025,Bauliche Fertigstellung bis Ende 2025,0.67,2,2,zahl_abweichend
koeln-2025-024,https://web.archive.org/web/20250815055537/https://www.stadt-koeln.de/politik-und-verwaltung/presseservice/bauliche-fertigstellung-bis-ende-2025,Baukosten 798 Mio. Euro (Ziel: unter 800 Mio.),"In der aktualisierten Kostenprognose gehen die Verantwortlichen von Baukosten und Baunebenkosten in Höhe von 798 Millionen Euro aus. Hier bildet sich die Bauzeitverlängerung als Kostensteigerung deutlich ab. Ziel ist es, bei den Baukosten unter der Marke von 800 Millionen Euro zu bleiben.",0.86,,,vorschlag
koeln-2025-025,https://web.archive.org/web/20250709213409/https://www.stadt-koeln.de/politik-und-verwaltung/presse/mitteilungen/27660/index.html,Südseite fertig bis Ende März 2026,"An der Fertigstellung der Südseite wird voraussichtlich noch bis Ende März 2026 gearbeitet, dann kann der Verkehr von der Nordseite auf die sanierte Südseite verlegt werden und die Nordseite wird analog der Südseite instandgesetzt.",0.83,,,vorschlag
koeln-2025-026,https://web.archive.org/web/20250709213409/https://www.stadt-koeln.de/politik-und-verwaltung/presse/mitteilungen/27660/index.html,Verkehrsfreigabe nach Gesamtinstandsetzung Ende März 2028,Die Verkehrsfreigabe nach erfolgter Gesamtinstandsetzung ist nach aktuellem Stand Ende März 2028 möglich.,1.0,,,vorschlag
koeln-2025-027,https://web.archive.org/web/20250709213409/https://www.stadt-koeln.de/politik-und-verwaltung/presse/mitteilungen/27660/index.html,Gesamtkosten 498.182.000 Euro brutto,Damit ergeben sich aktuell Gesamtkosten für die Gesamtinstandsetzung der Mülheimer Brücke in Höhe von 498.182.000 Euro brutto.,1.0,,,vorschlag
koeln-2025-033,https://web.archive.org/web/20241028154646/https://www.stadt-koeln.de/politik-und-verwaltung/presse/mitteilungen/27107/index.html,fünf weitere Kindertageseinrichtungen,Geplant ist die Eröffnung von fünf weiteren Kindertageseinrichtungen und drei Erweiterungen bereits bestehender Kindertagesstätten.,0.67,,,vorschlag
koeln-2025-035,https://web.archive.org/web/20241028154646/https://www.stadt-koeln.de/politik-und-verwaltung/presse/mitteilungen/27107/index.html,auf 15.016 für unter dreijährige Kinder ... erhöht werden,Damit soll die Anzahl der Betreuungsplätze auf 15.016 für unter dreijährige Kinder und 32.413 für über dreijährige Kinder erhöht werden.,1.0,,,vorschlag
koeln-2025-036,https://web.archive.org/web/20241028154646/https://www.stadt-koeln.de/politik-und-verwaltung/presse/mitteilungen/27107/index.html,32.413 für über dreijährige Kinder ... erhöht werden,Damit soll die Anzahl der Betreuungsplätze auf 15.016 für unter dreijährige Kinder und 32.413 für über dreijährige Kinder erhöht werden.,1.0,,,vorschlag
koeln-2025-037,https://web.archive.org/web/20250325050403/https://www.stadt-koeln.de/politik-und-verwaltung/presseservice/erschliessungsvertrag-fuer-den-deutzer-hafen,Ab Herbst 2025 können laut Plan die ersten Bauarbeiten beginnen.,Für das zukünftige Quartier am Hafen ist der Erschließungsvertrag ein wichtiger Meilenstein: Ab Herbst 2025 können laut Plan die ersten Bauarbeiten beginnen.,1.0,,,vorschlag
koeln-2025-039,https://web.archive.org/web/20250811040237/https://www.stadt-koeln.de/politik-und-verwaltung/presse/mitteilungen/27064/index.html,Beendigung des Großmarkts zum 31. Dezember 2025,"Der Rat hat entschieden, die Beendigung des Großmarkts zum 31. Dezember 2025 formell zu vollziehen und die entsprechenden Regelungen der Marktsatzung zum Kölner Großmarkt aufzuheben.",1.0,,,vorschlag
koeln-2025-040,https://web.archive.org/web/20250811040237/https://www.stadt-koeln.de/politik-und-verwaltung/presse/mitteilungen/27064/index.html,ab dem 1. Januar 2026 voll einsatzfähig,"Die Gründung des Eigenbetriebs ist für 2025 vorgesehen, damit er ab dem 1. Januar 2026 voll einsatzfähig ist.",1.0,,,vorschlag
koeln-2025-041,https://web.archive.org/web/20250211052414/https://www.stadt-koeln.de/politik-und-verwaltung/presse/mitteilungen/27301/index.html,Planungsbeginn voraussichtlich im zweiten Quartal 2025,Mit der Planung soll voraussichtlich im zweiten Quartal 2025 begonnen werden.,0.83,,,vorschlag
koeln-2025-042,https://web.archive.org/web/20250211052414/https://www.stadt-koeln.de/politik-und-verwaltung/presse/mitteilungen/27301/index.html,Fertigstellung der Vorentwurfsplanung wird für Anfang 2026 avisiert,Die Fertigstellung der Vorentwurfsplanung wird für Anfang 2026 avisiert.,1.0,,,vorschlag
koeln-2025-043,https://web.archive.org/web/20250322113905/https://www.stadt-koeln.de/politik-und-verwaltung/presse/mitteilungen/27435/index.html,GU-Beauftragung 3. Quartal 2025,Bauliche Fertigstellung der Bühnen am Offenbachplatz im vierten Quartal 2025,0.4,3,,kein_treffer
koeln-2025-044,https://web.archive.org/web/20250322113905/https://www.stadt-koeln.de/politik-und-verwaltung/presse/mitteilungen/27435/index.html,Der Baubeginn ist für das erste Quartal 2026 terminiert.,Der Baubeginn ist für das erste Quartal 2026 terminiert.,1.0,,,vorschlag
koeln-2025-045,https://web.archive.org/web/20250322113905/https://www.stadt-koeln.de/politik-und-verwaltung/presse/mitteilungen/27435/index.html,Gesamtkosten rund 177 Millionen Euro brutto,Die Kosten für alle Maßnahmen inklusive des musealen Ausbaus liegen bei rund 177 Millionen Euro brutto.,0.83,,,vorschlag
koeln-2025-046,https://web.archive.org/web/20250322113905/https://www.stadt-koeln.de/politik-und-verwaltung/presse/mitteilungen/27435/index.html,Fertigstellung/Inbetriebnahme im dritten Quartal 2029,"Auch bauliche Maßnahmen wie die Entkernung des Museums oder seine Beton instandsetzung fanden oder finden bereits statt, um die spätere Bauzeit zu verkürzen und den geplanten Fertigstellungstermin inklusive musealem Ausbau sowie Einbringung der Exponate und Inbetriebnahme im dritten Quartal 2029 zu halten.",0.83,,,vorschlag
koeln-2025-049,https://web.archive.org/web/20250130040150/https://www.stadt-koeln.de/politik-und-verwaltung/presse/mitteilungen/27299/index.html,Ab der Pflanzperiode 2025/26 werden 500 weitere neue Straßenbäume aus den Straßenbaumkonzepten gleichmäßig über die Stadtbezirke verteilt gepflanzt.,"Im Rahmen des KfW -Förderprogramms ""Natürlicher Klimaschutz in Kommunen"" werden in einem nächsten Schritt ab der Pflanzperiode 2025/26 500 weitere neue Straßenbäume aus den Straßenbaumkonzepten gleichmäßig über die Stadtbezirke verteilt gepflanzt.",1.0,,,vorschlag
koeln-2025-052,https://web.archive.org/web/20260616022923/https://www.stadt-koeln.de/politik-und-verwaltung/presse/mitteilungen/27294/index.html,"Kosten rund 21,8 Millionen Euro","Die Kosten für den Modulbau schätzt die Gebäudewirtschaft auf rund 21,8 Millionen Euro.",1.0,,,vorschlag
koeln-2025-053,https://web.archive.org/web/20260616022923/https://www.stadt-koeln.de/politik-und-verwaltung/presse/mitteilungen/27294/index.html,Turnhalle 2028/29,"Weitere Gebäudeteile werden in den nachfolgenden Schuljahren 2027/2028 (Unterrichtsräume, Offener Ganztag) und 2028/2029 (Turnhalle) in Betrieb genommen werden. Der Standort dient dem Gymnasium Rondorf als Interimsstandort bis ein Neubau für es in Rondorf in einem Investorenverfahren errichtet ist. Dieses soll im Planungsgebiet Rondorf-Nordwest bis zum Schuljahr 2028/29 fertiggestellt werden.",1.0,,,vorschlag
koeln-2025-054,https://web.archive.org/web/20260616022923/https://www.stadt-koeln.de/politik-und-verwaltung/presse/mitteilungen/27294/index.html,Neubau Rondorf-Nordwest bis zum Schuljahr 2028/29,Der Standort dient dem Gymnasium Rondorf als Interimsstandort bis ein Neubau für es in Rondorf in einem Investorenverfahren errichtet ist. Dieses soll im Planungsgebiet Rondorf-Nordwest bis zum Schuljahr 2028/29 fertiggestellt werden.,1.0,,,vorschlag
koeln-2025-055,https://web.archive.org/web/20250804185012/https://www.stadt-koeln.de/politik-und-verwaltung/presse/mitteilungen/27733/index.html,"Hauptschule Großer Griechenmarkt 6,9 Mio. Euro (zwei Holzmodulbauten)","So wurden Planung und Bau von zwei Holzmodulbauten für die Katholische Hauptschule am Standort Großer Griechenmarkt 76 beschlossen. Sie sollen zwei Containeranlagen ersetzen, die sehr veraltet und nur noch sehr eingeschränkt nutzbar sind. Mit dem Vorhaben, das an ein Totalunternehmen vergeben werden soll, werden 6,9 Millionen Euro in den Schulstandort investiert.",0.89,,,vorschlag
koeln-2025-056,https://web.archive.org/web/20250804185012/https://www.stadt-koeln.de/politik-und-verwaltung/presse/mitteilungen/27733/index.html,"KGS Horststraße rund 25,64 Millionen Euro","Mit der Planung und Errichtung soll ein Totalunternehmen beauftragt werden, die Kosten für den Modulbau betragen grob geschätzt rund 25,64 Millionen Euro.",0.71,,,vorschlag
koeln-2025-057,https://web.archive.org/web/20250804185012/https://www.stadt-koeln.de/politik-und-verwaltung/presse/mitteilungen/27733/index.html,"Schulzentrum Hardtgenbuscher Kirchweg rund 62,9 Millionen Euro","Die Gesamt-Investitionen werden auf rund 62,9 Millionen Euro prognostiziert.",0.62,,,vorschlag
koeln-2025-058,https://web.archive.org/web/20250804185012/https://www.stadt-koeln.de/politik-und-verwaltung/presse/mitteilungen/27733/index.html,"4.520 Touchscreens bis zu 20.246.080,00 Euro netto","Sie erhält Ermächtigungen, zwei Ausschreibungen zur Beschaffung von digitaler Hardware auf den Weg zu bringen: Erstens eine Ausschreibung zur Beschaffung von weiteren 4.520 digitalen Touchscreens . Diese sogenannten Panels ersetzen Kreidetafeln in den Klassenzimmern durch eine digitale und vernetzte Lösung. Sie werden in Abhängigkeit des genauen Vertragspreises einen Gesamtwert von bis zu 20.246.080,00 Euro netto beziehungsweise 24.092.835,20 Euro brutto haben.",1.0,,,vorschlag
koeln-2025-059,https://web.archive.org/web/20251118123509/https://www.stadt-koeln.de/politik-und-verwaltung/presse/mitteilungen/28018/index.html,Beauftragung Hauptmaßnahme im zweiten Quartal 2026,"Die Beauftragung dieses Projekts soll im zweiten Quartal 2026 erfolgen. Diese Hauptmaßnahme beinhaltet dann die Errichtung eines Neubautraktes, einer deutlich größeren Sporthalle mit insgesamt sechs Sporteinheiten unter- und oberirdisch, von denen zwei auch dem Berufskolleg Weinsbergstraße dienen werden.",1.0,,,vorschlag
koeln-2025-060,https://web.archive.org/web/20251118123509/https://www.stadt-koeln.de/politik-und-verwaltung/presse/mitteilungen/28018/index.html,Übergangsschule für das Frühjahr 2027 geplant,Die Fertigstellung und der Bezug der Übergangsschule sind für das Frühjahr 2027 geplant.,1.0,,,vorschlag
koeln-2025-061,https://web.archive.org/web/20251118123509/https://www.stadt-koeln.de/politik-und-verwaltung/presse/mitteilungen/28018/index.html,Neubauten und Sanierung bis zum Sommer 2030,"Die Bauzeit wird somit verkürzt und der Schule bleibt ein aufwändiger Zwischenumzug erspart. Es ist geplant, die Neubauten sowie die Sanierung der denkmalgeschützten Trakte bis zum Sommer 2030 fertigzustellen.",1.0,,,vorschlag
koeln-2025-063,https://web.archive.org/web/20251205122100/https://www.stadt-koeln.de/politik-und-verwaltung/presseservice/baubeginn-fuer-interim-der-europaschule-startet,Platz für rund 1.300 Schüler*innen,Die fünf Gebäude bieten Platz für rund 1.300 Schüler*innen und werden in Holzmodulbauweise errichtet.,1.0,,,vorschlag
koeln-2025-064,https://web.archive.org/web/20251205122100/https://www.stadt-koeln.de/politik-und-verwaltung/presseservice/baubeginn-fuer-interim-der-europaschule-startet,19.579 m² BGF,Es entstehen 19.579 Quadratmeter Bruttogeschossfläche.,0.5,,,kein_treffer
koeln-2025-066,https://web.archive.org/web/20251118153907/https://www.stadt-koeln.de/artikel/73902/index.html,Gesamtschule spätestens zum Beginn des Schuljahres 2030/2031,Die neue Gesamtschule soll spätestens zum Beginn des Schuljahres 2030/2031 ihren Betrieb aufnehmen.,1.0,,,vorschlag
koeln-2025-067,https://web.archive.org/web/20251118153907/https://www.stadt-koeln.de/artikel/73902/index.html,Bauabschluss voraussichtlich Ende 2029,"Danach können wir mit dem Bau der Gesamtschule starten, den wir voraussichtlich Ende 2029 abschließen werden.",0.75,,,vorschlag
koeln-2025-069,https://web.archive.org/web/20251213181709/https://www.stadt-koeln.de/politik-und-verwaltung/presse/mitteilungen/28022/index.html,bis 30. Juni 2026 eine Wärmeplanung zu erstellen,"Januar 2024 in Kraft getreten und verpflichtet alle Städte, in denen mehr als 100.000 Menschen leben, bis 30. Juni 2026 eine Wärmeplanung zu erstellen.",1.0,,,vorschlag
koeln-2025-079,https://web.archive.org/web/20250709213409/https://www.stadt-koeln.de/politik-und-verwaltung/presse/mitteilungen/27660/index.html,Am 15. September 2025 sollen die KVB-Linien 13 und 18 auf der Brücke wieder in Betrieb genommen werden.,Am 15. September 2025 sollen die KVB -Linien 13 und 18 auf der Brücke wieder in Betrieb genommen werden.,1.0,,,vorschlag
koeln-2026-070,https://web.archive.org/web/20260819000811/https://www.stadt-koeln.de/politik-und-verwaltung/presseservice/kulturtermine-des-monats-september-2026,"Kostenfreies Eröffnungsfest der wiedereröffneten Bühnen Köln am Offenbachplatz, 19.–20. September 2026","Aus diesem Anlass lädt der Stadtgarten am 4. September 2026 ein zur Night of Stadtgarten: Ein Festival, das mit rund 20 Konzerten auf der großen Außenbühne und auf allen Bühnen des Hauses die vergangenen und die nächsten 40 Jahre Stadtgarten feiert - und insbesondere die Zukunft kreativer Musik. Der Stadtgarten Köln wird vom Kulturamt der Stadt Köln gefördert.",0.58,19,,kein_treffer
koeln-2026-071,https://web.archive.org/web/20260819000811/https://www.stadt-koeln.de/politik-und-verwaltung/presseservice/kulturtermine-des-monats-september-2026,Schauspiel Köln eröffnet das sanierte Schauspielhaus mit der Uraufführung In bester Lage am 25. September 2026,"September 1986 wurde der Konzertsaal eröffnet. Aus diesem Anlass lädt der Stadtgarten am 4. September 2026 ein zur Night of Stadtgarten: Ein Festival, das mit rund 20 Konzerten auf der großen Außenbühne und auf allen Bühnen des Hauses die vergangenen und die nächsten 40 Jahre Stadtgarten feiert - und insbesondere die Zukunft kreativer Musik.",0.44,25,,kein_treffer
koeln-2026-072,https://web.archive.org/web/20260819000811/https://www.stadt-koeln.de/politik-und-verwaltung/presseservice/kulturtermine-des-monats-september-2026,Oper Köln eröffnet das sanierte Opernhaus mit Der Rosenkavalier als Eröffnungspremiere am 27. September 2026,"September 1986 wurde der Konzertsaal eröffnet. Aus diesem Anlass lädt der Stadtgarten am 4. September 2026 ein zur Night of Stadtgarten: Ein Festival, das mit rund 20 Konzerten auf der großen Außenbühne und auf allen Bühnen des Hauses die vergangenen und die nächsten 40 Jahre Stadtgarten feiert - und insbesondere die Zukunft kreativer Musik.",0.47,27,,kein_treffer
koeln-2026-073,https://web.archive.org/web/20260819000811/https://www.stadt-koeln.de/politik-und-verwaltung/presseservice/kulturtermine-des-monats-september-2026,"Rautenstrauch-Joest-Museum eröffnet die Ausstellung r e t u r n am 16. September 2026, 19 Uhr","16. September 2026, 19 Uhr Eröffnung der Sonderausstellung ""r e t u r n – Zwischen Vergangenheit und Zukunft entsteht ein anderer Ort""",0.59,,,kein_treffer
koeln-2026-074,https://web.archive.org/web/20260806120240/https://www.stadt-koeln.de/politik-und-verwaltung/presseservice/wahl-der-seniorenvertretung-2026,Bewerbungsfrist für die Wahl der Seniorenvertretung endet am 2. Oktober 2026; Briefwahl endet am 23. November 2026,Wahl der Seniorenvertretung 2026 Bewerbungsfrist für Kandidierende endet am 2. Oktober,0.71,23,,zahl_abweichend
koeln-2026-077,https://web.archive.org/web/20260908145246/https://www.stadt-koeln.de/mediaasset/content/pdf20/4_hpl_2025_2026_band_3.pdf,"Durchschnittliche Wartezeit ohne Termin in Min. … Plan 2025: 20,00, Plan 2026: 20,00","Durchschnittliche Wartezeit ohne Termin in Min. 0,00 25,21 10,00 20,00 20,00",0.73,2025 2026,,zahl_abweichend
koeln-2026-078,https://web.archive.org/web/20260908145246/https://www.stadt-koeln.de/mediaasset/content/pdf20/4_hpl_2025_2026_band_3.pdf,"Durchschnittliche Wartezeit ohne Termin in Min. … Plan 2025: 20,00, Plan 2026: 20,00","Durchschnittliche Wartezeit ohne Termin in Min. 0,00 25,21 10,00 20,00 20,00",0.73,2025 2026,,zahl_abweichend
koeln-2026-079,https://web.archive.org/web/20260908145246/https://www.stadt-koeln.de/mediaasset/content/pdf20/4_hpl_2025_2026_band_3.pdf,"Durchschnittliche Wartezeit ohne Termin in Min. … Plan 2025: 20,00, Plan 2026: 20,00","Durchschnittliche Wartezeit ohne Termin in Min. 0,00 25,21 10,00 20,00 20,00",0.73,2025 2026,,zahl_abweichend
koeln-2026-080,https://web.archive.org/web/20260908145246/https://www.stadt-koeln.de/mediaasset/content/pdf20/4_hpl_2025_2026_band_3.pdf,"Durchschnittliche Wartezeit ohne Termin in Min. … Plan 2025: 20,00, Plan 2026: 20,00","Durchschnittliche Wartezeit ohne Termin in Min. 0,00 25,21 10,00 20,00 20,00",0.73,2025 2026,,zahl_abweichend
koeln-2026-081,https://web.archive.org/web/20260908145246/https://www.stadt-koeln.de/mediaasset/content/pdf20/4_hpl_2025_2026_band_3.pdf,"Durchschnittliche Wartezeit ohne Termin in Min. … Plan 2025: 20,00, Plan 2026: 20,00","Durchschnittliche Wartezeit ohne Termin in Min. 0,00 25,21 10,00 20,00 20,00",0.73,2025 2026,,zahl_abweichend
koeln-2026-082,https://web.archive.org/web/20260908145246/https://www.stadt-koeln.de/mediaasset/content/pdf20/4_hpl_2025_2026_band_3.pdf,"Durchschnittliche Wartezeit ohne Termin in Min. … Plan 2025: 20,00, Plan 2026: 20,00","Durchschnittliche Wartezeit ohne Termin in Min. 0,00 25,21 10,00 20,00 20,00",0.73,2025 2026,,zahl_abweichend
